molecule_chembl_id,canonical_smiles,standard_value
CHEMBL1336889,O=C(O)c1ccc(Nc2ccc([N+](=O)[O-])c3nonc23)cc1,33000.0
CHEMBL2312756,O=[N+]([O-])c1ccc(Nc2ccccc2-c2ccccc2)c2nonc12,146000.0
CHEMBL165,Oc1ccc(/C=C/c2cc(O)cc(O)c2)cc1,60000.0
CHEMBL1172104,COc1cc(/C=C\c2ccc(OC)c(OC)c2)cc(OC)c1,60000.0
CHEMBL3222133,CC(C)c1ccc(/C=C2\SC(=S)N(CN3CCCCC3)C2=O)cc1,29000.0
CHEMBL4242611,N#Cc1ccc(-c2cc(-c3ccc(C(N)=O)cc3)nc(-c3cc[n+]([O-])cc3)n2)cc1,100000.0
CHEMBL4248050,COc1ccc(-c2cc(-c3ccc(C(N)=O)cc3)nc(-c3ccccc3)n2)cc1,100000.0
CHEMBL4248559,N#Cc1ccc(-c2cc(-c3ccc(C(N)=O)cc3)nc(-c3ccco3)n2)cc1,7000.0
CHEMBL4243533,N#Cc1cc(-c2ccc(C(N)=O)cc2)ccn1,10000.0
CHEMBL4250683,N#Cc1ccc(-c2cc(-c3ccc(C(N)=O)cc3)cc(-c3cccc(F)c3)n2)cc1,100000.0
CHEMBL4240576,N#Cc1ccc(-c2cc(-c3ccc(C(=O)NN)cc3)cc(-c3ccco3)n2)cc1,100000.0
CHEMBL4246868,CS(=O)(=O)NC(=O)c1ccc(-c2cc(-c3ccc(C#N)cc3)nc(-c3ccco3)c2)cc1,10000.0
CHEMBL4243878,N#Cc1ccc(-c2cc(-c3ccc(-c4nnn[nH]4)cc3)cc(-c3ccco3)n2)cc1,2000.0
CHEMBL4248116,c1coc(-c2cc(-c3nccs3)cc(-c3ccc(-c4nccs4)cc3)n2)c1,100000.0
CHEMBL4240109,N#Cc1ccc(-c2cc(-c3ccccc3)cc(-c3ccco3)n2)cc1,5000.0
CHEMBL4237402,NC(=O)c1ccc(-c2cc(-c3ccc(-c4cnco4)cc3)nc(-c3ccco3)c2)cc1,2500.0
CHEMBL4249055,NC(=O)c1ccc(-c2cc(-c3ccc(-c4nccs4)cc3)nc(-c3ccco3)c2)cc1,5000.0
CHEMBL4244986,Cn1nncc1-c1cc(-c2ccc(C(N)=O)cc2)cc(-c2ccc(C#N)cc2)n1,40000.0
CHEMBL4245253,Cn1ccnc1-c1cc(-c2ccc(C(N)=O)cc2)cc(-c2ccc(C#N)cc2)n1,40000.0
CHEMBL4241092,N#Cc1ccc(-c2cc(-c3ccc(C(N)=O)cc3)cc(-c3cnco3)n2)cc1,100000.0
CHEMBL4247460,N#Cc1ccc(-c2cc(-c3ccc(C(N)=O)cc3)cc(-c3cncs3)n2)cc1,30000.0
CHEMBL4240401,N#Cc1ccc(-c2cc(-c3ccc(C(N)=O)cc3)cc(-c3ccco3)n2)cc1,3000.0
CHEMBL4238599,NC(=O)c1ccc(-c2cc(-c3ccc([N+](=O)[O-])cc3)nc(-c3ccco3)c2)cc1,1000.0
CHEMBL4286890,COC(=O)c1ccc(Nc2ccc([N+](=O)[O-])c3nonc23)c(-c2ccc(C)cc2)c1,34800.0
CHEMBL493742,CCc1ccc(/C=C2\SC(=O)NC2=O)cc1,30000.0
CHEMBL4531517,NC(=O)c1ccccc1Nc1ccc([N+](=O)[O-])c2nonc12,30000.0
CHEMBL4560104,O=C(NCc1cccc(B(O)O)c1)c1ccccc1Nc1ccc([N+](=O)[O-])c2nonc12,24000.0
CHEMBL4457513,O=C(NCc1ccc(B(O)O)cc1)c1ccccc1Nc1ccc([N+](=O)[O-])c2nonc12,30000.0
CHEMBL4549582,CCc1ccc(/C=C2\SC(=O)N(CCNC(=O)[C@H]3C[C@@H]4C[C@H]3[C@@H](O)[C@H]4O)C2=O)cc1,30000.0
CHEMBL4558369,CCc1ccc(/C=C2\SC(=O)N(CC[C@H]3C[C@@H]4C[C@H]3[C@@H](O)[C@H]4O)C2=O)cc1,30000.0
CHEMBL4591505,CCc1ccc(/C=C2\SC(=O)N(CCNC(=O)[C@H]3C[C@H]4C=C[C@@H]3C4)C2=O)cc1,30000.0
CHEMBL4574078,CCc1ccc(/C=C2\SC(=O)N(CC[C@H]3C[C@H]4C=C[C@@H]3C4)C2=O)cc1,30000.0
CHEMBL4435266,O=C1N(CCS(=O)(=O)c2ccccc2)Cc2ccccc2[C@@H]2OC(c3ccc(OCCCO)cc3)=N[C@]12Cc1ccccc1,1990.0
CHEMBL4525069,O=C(CCCC[C@@H]1SC[C@@H]2NC(=O)N[C@@H]21)NCCOCCOCCNC(=O)OCCCOc1ccc(C2=N[C@]3(Cc4ccccc4)CN(CCS(=O)(=O)c4ccccc4)Cc4ccccc4[C@@H]3O2)cc1,5380.0
CHEMBL4525922,COC(=O)[C@@]1(Cc2ccccc2)N=C(c2ccccc2)O[C@H]1c1ccccc1CN=[N+]=[N-],4670.0
CHEMBL4572467,O=C1NCc2ccccc2[C@@H]2OC(c3ccccc3)=C[C@]12Cc1ccccc1,11340.0
CHEMBL4455480,O=C1N(CCS(=O)(=O)c2ccccc2)Cc2ccccc2[C@@H]2OC(c3ccccc3)=C[C@]12Cc1ccccc1,1250.0
CHEMBL4459833,O=C1NCc2ccccc2[C@@H]2OC(c3ccccc3)=N[C@H]12,50000.0
CHEMBL4459239,O=C1NCc2ccccc2[C@@H]2OC(c3ccccc3)=N[C@]12Cc1ccccc1,16760.0
CHEMBL4449950,O=C1N(CCS(=O)(=O)c2ccccc2)Cc2ccccc2[C@@H]2OC(c3ccccc3)=N[C@]12Cc1ccccc1,6190.0
CHEMBL4447024,C=CCN1Cc2ccccc2[C@@H]2OC(c3ccccc3)=N[C@]2(Cc2ccccc2)C1=O,7670.0
CHEMBL4555635,CC(=O)N1Cc2ccccc2[C@@H]2OC(c3ccccc3)=N[C@]2(Cc2ccccc2)C1=O,4810.0
CHEMBL4550808,O=C(c1ccccc1)N1Cc2ccccc2[C@@H]2OC(c3ccccc3)=N[C@]2(Cc2ccccc2)C1=O,17200.0
CHEMBL4459646,CCOC(=O)CN1Cc2ccccc2[C@@H]2OC(c3ccccc3)=N[C@]2(Cc2ccccc2)C1=O,3380.0
CHEMBL4460340,O=C(O)CN1Cc2ccccc2[C@@H]2OC(c3ccccc3)=N[C@]2(Cc2ccccc2)C1=O,50000.0
CHEMBL4461659,O=C1N(CCO)Cc2ccccc2[C@@H]2OC(c3ccccc3)=N[C@]12Cc1ccccc1,2150.0
CHEMBL4436682,C#CCNC(=O)CN1Cc2ccccc2[C@@H]2OC(c3ccccc3)=N[C@]2(Cc2ccccc2)C1=O,10140.0
CHEMBL4442285,C#CCN(CC(=O)NCCNC(=O)CN1Cc2ccccc2[C@@H]2OC(c3ccccc3)=N[C@]2(Cc2ccccc2)C1=O)C(=O)CCC1(C)N=N1,18730.0
CHEMBL4557904,O=C1N(CCS(=O)(=O)c2ccccc2)Cc2cc(Cl)ccc2[C@@H]2OC(c3ccccc3)=N[C@]12Cc1ccccc1,5940.0
CHEMBL4551211,O=C1NCc2ccccc2[C@@H]2OC(c3ccc(OCCCO)cc3)=N[C@]12Cc1ccccc1,9340.0
CHEMBL4588488,O=C1N(Cc2ccccc2)Cc2ccccc2[C@@H]2OC(c3ccc(OCCCO)cc3)=N[C@]12Cc1ccccc1,7880.0
CHEMBL4468857,CC(=O)OCCCOc1ccc(C2=N[C@]3(Cc4ccccc4)C(=O)N(CCS(=O)(=O)c4ccccc4)Cc4ccccc4[C@@H]3O2)cc1,4700.0
CHEMBL4546151,CC(C)N1C(=O)S/C(=C\c2ccc(Sc3nc4ccccc4[nH]3)o2)C1=O,670.0
CHEMBL4574522,O=C1NC(=O)/C(=C/c2ccc(Sc3nc4ccccc4[nH]3)o2)N1,7500.0
CHEMBL4448611,CC(C)N1C(=O)S/C(=C\c2ccc(Sc3nc4ccccc4s3)o2)C1=O,5720.0
CHEMBL4441910,CC(C)N1C(=O)S/C(=C\c2ccc(Sc3nc4ccc(Cl)cc4[nH]3)o2)C1=O,790.0
CHEMBL4435169,COc1ccc2nc(Sc3ccc(/C=C4\SC(=O)N(C(C)C)C4=O)o3)[nH]c2c1,1190.0
CHEMBL4591315,CC(C)N1C(=O)S/C(=C\c2ccc(Sc3nc4ccccc4o3)o2)C1=O,9390.0
CHEMBL4460085,CC(C)N1C(=O)S/C(=C\c2ccc(-c3nc4ccccc4[nH]3)o2)C1=O,40000.0
CHEMBL4459178,CC(C)N1C(=O)N/C(=C\c2ccc(Sc3nc4ccccc4[nH]3)o2)C1=O,830.0
CHEMBL4564939,O=C1C/C(=C\c2ccc(Sc3nc4ccccc4[nH]3)o2)C(=O)N1,9020.0
CHEMBL4437143,O=C1NC(=O)/C(=C/c2ccc(Sc3nc4cccnc4[nH]3)o2)S1,5600.0
CHEMBL4562187,CC(C)N1C(=O)S/C(=C\c2ccc(Sc3nc4ccccc4[nH]3)s2)C1=O,1620.0
CHEMBL4473626,CC(C)(C)OC(=O)CN1C(=O)S/C(=C\c2ccc(Sc3nc4ccccc4[nH]3)o2)C1=O,1960.0
CHEMBL4514011,COC(=O)CN1C(=O)S/C(=C\c2ccc(Sc3nc4ccccc4[nH]3)o2)C1=O,3260.0
CHEMBL4447869,CC(C)N1C(=O)S/C(=C\c2ccc(Sc3ncc[nH]3)o2)C1=O,20800.0
CHEMBL4450452,CC(C)N1C(=O)S/C(=C\c2ccc(Sc3ccccn3)o2)C1=O,7670.0
CHEMBL4574806,CC(C)N1C(=O)S/C(=C\c2ccc(Sc3nc4ccccc4n3C)o2)C1=O,1670.0
CHEMBL4442536,NCCCN1C(=O)S/C(=C\c2ccc(Sc3nc4ccccc4[nH]3)o2)C1=O.O=C(O)C(F)(F)F,6520.0
CHEMBL4532086,O=C(NCCCN1C(=O)S/C(=C\c2ccc(Sc3nc4ccccc4[nH]3)o2)C1=O)Nc1ccccc1,1220.0
CHEMBL4515903,CCNC(=O)NCCCN1C(=O)S/C(=C\c2ccc(Sc3nc4ccccc4[nH]3)o2)C1=O,6770.0
CHEMBL4592867,CC(C)N1C(=O)N/C(=C\c2ccc(Sc3nc4ccc(Cl)cc4[nH]3)o2)C1=O,1050.0
CHEMBL4473046,Cc1cccc2nc(Sc3ccc(/C=C4\SC(=O)N(C(C)C)C4=O)o3)[nH]c12,1500.0
CHEMBL4472238,CC(C)N1C(=O)S/C(=C\c2ccc(Sc3nc4ccc(C(F)(F)F)cc4[nH]3)o2)C1=O,640.0
CHEMBL4462590,CC(C)N1C(=O)S/C(=C\c2ccc(Sc3nc4cc(Cl)c(Cl)cc4[nH]3)o2)C1=O,630.0
CHEMBL4438510,O=C([O-])CN1C(=O)S/C(=C\c2ccc(Sc3nc4ccccc4[nH]3)o2)C1=O.[Na+],33650.0
CHEMBL4448869,O=C(CCCC[C@@H]1SC[C@@H]2NC(=O)N[C@@H]21)NCCCN1C(=O)S/C(=C\c2ccc(Sc3nc4ccccc4[nH]3)o2)C1=O,2280.0
CHEMBL4573749,CC(C)N1C(=O)S/C(=C\c2ccc(Sc3nc4cccc(Cl)c4[nH]3)o2)C1=O,980.0
CHEMBL4571888,CC(C)c1ccc2nc(Sc3ccc(/C=C4\SC(=O)N(C(C)C)C4=O)o3)[nH]c2c1,640.0
CHEMBL4578105,COc1cccc2nc(Sc3ccc(/C=C4\SC(=O)N(C(C)C)C4=O)o3)[nH]c12,1630.0
CHEMBL4454353,CCC(C)N1C(=O)S/C(=C\c2ccc(Sc3nc4ccccc4[nH]3)o2)C1=O,2220.0
CHEMBL4475974,COC(=O)C(C)N1C(=O)S/C(=C\c2ccc(Sc3nc4ccccc4[nH]3)o2)C1=O,2770.0
CHEMBL4440863,O=C(CN1C(=O)S/C(=C\c2ccc(Sc3nc4ccccc4[nH]3)o2)C1=O)N1CCN(c2ccccc2)CC1,7010.0
CHEMBL4524189,O=C1S/C(=C\c2ccc(Sc3nc4ccccc4[nH]3)o2)C(=O)N1c1ccccc1,11900.0
CHEMBL4450894,Cc1ccc(/C=C2\SC(=O)N(C(C)C)C2=O)o1,100000.0
CHEMBL4575550,CC(/C=C1\SC(=O)N(C(C)C)C1=O)=C\c1ccccc1,100000.0
CHEMBL4537523,COC(=O)C(C)N1C(=O)S/C(=C\C=C\c2ccco2)C1=O,100000.0
CHEMBL4475687,Cc1ccc(Sc2ccc(/C=C3\SC(=O)N(C(C)C)C3=O)o2)cc1,100000.0
CHEMBL4546028,OCc1ccc(Sc2nc3ccccc3[nH]2)o1,40000.0
CHEMBL4566803,O=C(Nc1ccccc1)c1ccc(Sc2nc3ccccc3[nH]2)o1,3320.0
CHEMBL4454546,CC(C)NC(=O)c1ccc(Sc2nc3ccccc3[nH]2)o1,7900.0
CHEMBL4518596,c1ccc(NCc2ccc(Sc3nc4ccccc4[nH]3)o2)cc1,4660.0
CHEMBL4571287,CC(C)NCc1ccc(Sc2nc3ccccc3[nH]2)o1,57470.0
CHEMBL4445261,c1ccc2[nH]c(Sc3ccc(CN4CCOCC4)o3)nc2c1,32900.0
CHEMBL4461881,CCN1CCN(Cc2ccc(Sc3nc4ccccc4[nH]3)o2)CC1,10230.0
CHEMBL4587371,CN(C)Cc1ccc(Sc2nc3ccccc3[nH]2)o1,59370.0
CHEMBL4581066,COC(=O)CNCc1ccc(Sc2nc3ccccc3[nH]2)o1,75900.0
CHEMBL4591604,CN1C(=O)C(=Cc2ccc(Sc3nc4ccccc4n3C)o2)C(=O)N(C)C1=O,26810.0
CHEMBL4436752,CC(C)N1C(=O)S/C(=C\c2ccc(Sc3nc4ccc(OC(F)(F)F)cc4[nH]3)o2)C1=O,440.0
CHEMBL4587175,CC(C)N1C(=O)S/C(=C\c2ccc(Sc3nc4ccc([N+](=O)[O-])cc4[nH]3)o2)C1=O,360.0
CHEMBL4587215,CC(=O)c1ccc2nc(Sc3ccc(/C=C4\SC(=O)N(C(C)C)C4=O)o3)[nH]c2c1,260.0
CHEMBL4543327,CC(C)N1C(=O)S/C(=C\c2ccc(Sc3nc4ccc(N)cc4[nH]3)o2)C1=O,4560.0
CHEMBL4463878,CC(C)N1C(=O)S/C(=C\c2ccc(Sc3nc4ccc(NC(=O)c5ccccc5)cc4[nH]3)o2)C1=O,400.0
CHEMBL4457623,CC(=O)Nc1ccc2nc(Sc3ccc(/C=C4\SC(=O)N(C(C)C)C4=O)o3)[nH]c2c1,930.0
CHEMBL4574226,COC(=O)c1ccc2nc(Sc3ccc(/C=C4\SC(=O)N(C(C)C)C4=O)o3)[nH]c2c1,1490.0
CHEMBL4573018,CC(C)N1C(=O)S/C(=C\c2ccc(Sc3nc4ccccc4[nH]3)cc2)C1=O,1820.0
CHEMBL4463755,CC(C)N1C(=O)S/C(=C\c2cccc(Oc3nc4ccccc4[nH]3)c2)C1=O,990.0
CHEMBL4435325,O=C1CSC(=O)N1Cc1ccc(Sc2nc3ccccc3[nH]2)o1,29970.0
CHEMBL4439086,CC(C)N1C(=O)S/C(=C\c2cc3ccc(Sc4nc5ccccc5[nH]4)cc3o2)C1=O,540.0
CHEMBL1332168,Cc1ccc(C)n1-c1ccccc1C(=O)O,24200.0
CHEMBL213432,Cc1ccc(C)n1-c1cccc(C(=O)O)c1,74500.0
CHEMBL212827,Cc1ccc(C)n1-c1ccc(C(=O)O)cc1,287000.0
CHEMBL3182184,Cc1ccc(C)n1-c1cc(C(=O)O)ccc1O,34100.0
CHEMBL212723,Cc1ccc(C)n1-c1ccc(C(=O)O)c(O)c1,4290.0
CHEMBL387115,Cc1ccc(C)n1-c1ccc(C(=O)O)c(Cl)c1,81500.0
CHEMBL4581264,Cc1ccc(C)n1-c1ccc(C(=O)O)cc1O,23500.0
CHEMBL1559731,Cc1cc(C(=O)O)ccc1-n1c(C)ccc1C,45800.0
CHEMBL1333409,Cc1ccc(-c2ccccc2)n1-c1ccc(O)c(C(=O)O)c1,61800.0
CHEMBL4549559,CCOC(=O)c1ccc(-n2c(C)ccc2-c2ccccc2)cc1,144000.0
CHEMBL4558024,COC(=O)c1ccccc1-n1c(C)ccc1C,97300.0
CHEMBL438909,O=C(O)c1ccc(-n2cccc2)cc1O,165000.0
CHEMBL505875,COC(=O)c1ccc(-n2c(C)ccc2C)cc1O,1540.0
CHEMBL4584112,CCCOC(=O)c1ccc(-n2c(CCC(=O)O)ccc2-c2ccccc2)cc1O,96000.0
CHEMBL4562176,CCOC(=O)c1ccc(-n2c(CCC(=O)O)ccc2-c2cccs2)cc1O,124000.0
CHEMBL4579136,CCOC(=O)c1ccc(-n2c(CCC(=O)O)ccc2-c2ccc(Br)cc2)cc1O,81600.0
CHEMBL4513253,CCOC(=O)c1ccc(-n2c(CCC(=O)O)ccc2-c2ccc(OC)cc2)cc1O,116000.0
CHEMBL1434012,CCOC(=O)c1ccc(-n2c(CCC(=O)O)ccc2-c2ccccc2)cc1O,139000.0
CHEMBL4570098,Cc1nccn1-c1ccccc1C(=O)O,442000.0
CHEMBL1505106,O=C(O)c1ccccc1-n1c(-c2ccccc2)cc2c1CCCC2=O,252000.0
CHEMBL1307487,O=C(O)c1cc(-n2cccc2)ccc1N1CCOCC1,273000.0
CHEMBL4567906,CCCC(=O)Nc1ccc(N2CCCCCC2)cc1C(=O)O,172000.0
CHEMBL4565568,CCCCC(=O)Nc1ccc(N2CCC(C)CC2)c(C(=O)O)c1,881000.0
CHEMBL4514605,CC(=O)Nc1ccc(N2CCCCCC2)c(C(=O)O)c1,171000.0
CHEMBL4529309,CC(=O)Nc1ccc(N2CCCC(C)C2)c(C(=O)O)c1,191000.0
CHEMBL213849,Cc1ccc(C)n1-c1ccc(Cl)cc1C(=O)O,11500.0
CHEMBL1380619,Cc1ccc(C)n1-c1ccc(Br)cc1C(=O)O,64700.0
CHEMBL4569331,COc1cc(C(=O)O)c(-n2c(C)ccc2C)cc1OC,13500.0
CHEMBL4581225,Cc1ccc(C)n1-c1cc(Cl)ccc1C(=O)O,63700.0
CHEMBL1765360,Cc1ccc(C)n1-c1ccc(O)cc1C(=O)O,27900.0
CHEMBL4589104,CC(=O)Nc1ccc(-n2c(C)ccc2C)c(C(=O)O)c1,1800.0
CHEMBL4546899,Cc1ccc(-c2ccccc2)n1-c1ccccc1C(=O)O,324000.0
CHEMBL4569380,Cc1cc2c(n1-c1cccc(C(=O)O)c1)CC(C)(C)CC2=O,697000.0
CHEMBL4539772,CC1(C)CC(=O)c2cc(CC(=O)O)n(-c3cccc(C(=O)O)c3)c2C1,197000.0
CHEMBL4565050,Cc1ccc(C(=O)O)cc1-n1c(C)cc(CN2CCC(N)(C(=O)O)C2)c1C,194000.0
CHEMBL4590553,Cc1ccc(C(=O)O)cc1-n1c(C)cc(CN2C[C@H](N(C)C)C[C@H]2CO)c1C,115000.0
CHEMBL4517761,Cc1cc(/C=C2\C(=O)NC(=O)N(C)C2=O)c(C)n1-c1cccc(C(=O)O)c1,76800.0
CHEMBL4585126,Cc1cc(C(=O)O)c(C)n1-c1ccc(C(=O)O)cc1,166000.0
CHEMBL1597942,Cc1cc2c(n1-c1ccc(C(=O)O)cc1)CCCCC2,51800.0
CHEMBL4519431,Cc1c(-c2ccccc2)c2c(n1-c1ccc(C(=O)O)cc1)CCCC2,42000.0
CHEMBL4578207,Cc1cc2c(n1-c1ccc(C(=O)O)cc1)CC(C)(C)CC2=O,446000.0
CHEMBL4524605,CC1(C)CC(=O)c2cc(CC(=O)O)n(-c3ccc(C(=O)O)cc3)c2C1,523000.0
CHEMBL4543283,Cc1cc(/C=C(\C#N)C(=O)Nc2ccc(O)cc2)c(C)n1-c1ccccc1C(=O)O,36200.0
CHEMBL4586035,Cc1ccccc1N1C(=O)NC(=O)/C(=C\c2cc(C)n(-c3ccccc3C(=O)O)c2C)C1=O,2510000.0
CHEMBL4534226,Cc1cc(/C=N/NC(N)=S)c(C)n1-c1ccccc1C(=O)O,16300.0
CHEMBL4578046,Cc1cc(/C=C2\C(=O)NC(=O)N(c3ccc(F)cc3)C2=O)c(C)n1-c1ccccc1C(=O)O,58500.0
CHEMBL4559192,Cc1cc(/C=C2\SC(=O)N(C)C2=O)c(C)n1-c1ccccc1C(=O)O,92200.0
CHEMBL4585995,Cc1cc(/C=C(\C#N)C(=O)NCCc2c[nH]c3ccccc23)c(C)n1-c1ccccc1C(=O)O,135000.0
CHEMBL1481627,Cc1cc(/C=C(/C#N)c2nc3ccccc3[nH]2)c(C)n1-c1ccccc1C(=O)O,125000.0
CHEMBL4556115,Cc1cccc(C)c1-c1ccccc1C(=O)O,89100.0
CHEMBL4584489,Cc1cc(C(=O)N/N=C/c2ccccc2)c(C)n1-c1ccccc1C(=O)O,49200.0
CHEMBL4571749,CC(=O)OCOC(=O)c1ccccc1-n1c(C)ccc1C,101000.0
CHEMBL4529028,CC(=O)OCOC(=O)c1ccc(-n2c(C)ccc2C)cc1O,91400.0
CHEMBL4588003,Cc1ccc(C)n1-c1ccccc1CC(=O)O,195000.0
CHEMBL4515996,Cc1ccc(C)n1-c1ccccc1/C=C/C(=O)O,156000.0
CHEMBL4514651,Cc1ccc(C)n1-c1cc(C(=O)NN)ccc1C(=O)O,420.0
CHEMBL4536775,Cc1ccc(C)n1-c1cc(C(=O)N/N=C/c2ccccc2)ccc1C(=O)O,7690.0
CHEMBL4515506,Cc1ccc(C)n1-c1cc(C(=O)NCCc2c[nH]cn2)ccc1C(=O)O,15400.0
CHEMBL4520735,Cc1ccc(C)n1-c1cc(C(=O)NCCc2ccc(O)c(O)c2)ccc1C(=O)O,33400.0
CHEMBL4516053,Cc1ccc(C)n1-c1cc(C(=O)NCCN2CCN(C)CC2)ccc1C(=O)O,104000.0
CHEMBL4560643,Cc1ccc(C)n1-c1cc(C(=O)N2CCOCC2)ccc1C(=O)O,8580.0
CHEMBL4538417,Cc1ccc(C)n1-c1cc(C(=O)NCCc2cccc(C(=O)O)c2)ccc1C(=O)O,7270.0
CHEMBL4571842,Cc1ccc(C)n1-c1cc(C(=O)N/N=C/c2c[nH]cn2)ccc1C(=O)O,1750.0
CHEMBL4534756,Cc1ccc(C)n1-c1cc(C(=O)N/N=C/c2ccc(O)c(O)c2O)ccc1C(=O)O,531.0
CHEMBL4534386,Cc1ncc(CO)c(/C=N/NC(=O)c2ccc(C(=O)O)c(-n3c(C)ccc3C)c2)c1O,1000.0
CHEMBL4520603,Cc1ccc(C)n1-c1cc(C(=O)N/N=C/c2ncc[nH]2)ccc1C(=O)O,2720.0
CHEMBL4538921,Cc1ccc(C)n1-c1cc(C(=O)N/N=C/c2cccc(B(O)O)c2)ccc1C(=O)O,2950.0
CHEMBL4566915,Cc1ccc(C)n1-c1cc(C(=O)N/N=C/c2ccc(O)cc2)ccc1C(=O)O,6850.0
CHEMBL4560633,Cc1ccc(C)n1-c1cc(C(=O)N/N=C/c2ccc(S(=O)(=O)O)o2)ccc1C(=O)O,534.0
CHEMBL4545975,COc1ccc(/C=N/NC(=O)c2ccc(C(=O)O)c(-n3c(C)ccc3C)c2)c(OC)c1,37900.0
CHEMBL4580874,Cc1ccc(C)n1-c1cc(C(=O)N/N=C/c2cccnc2)ccc1C(=O)O,5970.0
CHEMBL4560663,Cc1ccc(C)n1-c1cc(C(=O)N/N=C/c2ccc(N(C)C)cc2)ccc1C(=O)O,31400.0
CHEMBL4586997,Cc1ccc(C)n1-c1cc(C(=O)N/N=C/c2c(Cl)ncnc2Cl)ccc1C(=O)O,4880.0
CHEMBL4567078,Cc1ccc(C)n1-c1cc(C(=O)N/N=C/c2ccc3c(c2)OCCN3C)ccc1C(=O)O,38000.0
CHEMBL4586334,Cc1ccc(C)n1-c1cc(C(=O)N/N=C/c2ccc3ccccc3n2)ccc1C(=O)O,17500.0
CHEMBL4551980,Cc1ccc(C)n1-c1cc(C(=O)N/N=C/c2cc(F)ccc2C(F)(F)F)ccc1C(=O)O,3990.0
CHEMBL4588527,Cc1ccc(C)n1-c1cc(C(=O)N/N=C/c2ccc(-c3nnn[nH]3)cc2)ccc1C(=O)O,1660.0
CHEMBL4540324,Cc1ccc(C)n1-c1cc(C(=O)N/N=C/c2cncnc2)ccc1C(=O)O,5560.0
CHEMBL4549129,Cc1ccc(C)n1-c1cc(C(=O)N/N=C/c2c[nH]c3ccc(C#N)cc23)ccc1C(=O)O,17100.0
CHEMBL4553728,Cc1ccc(C)n1-c1cc(C(=O)N/N=C/c2c[nH]c3ccc(F)cc23)ccc1C(=O)O,23300.0
CHEMBL4513566,Cc1ccc(C)n1-c1cc(C(=O)N/N=C/c2c[nH]c3cc(F)ccc23)ccc1C(=O)O,34400.0
CHEMBL4564509,Cc1cc(C)c2c(=O)c(/C=N/NC(=O)c3ccc(C(=O)O)c(-n4c(C)ccc4C)c3)coc2c1,5550.0
CHEMBL4531825,Cc1ccc(C)n1-c1cc(C(=O)N/N=C/c2cc(C(F)(F)F)cc(C(F)(F)F)c2)ccc1C(=O)O,3840.0
CHEMBL4584499,Cc1ccc(C)n1-c1cc(C(=O)N/N=C/c2ccc(F)c(F)c2)ccc1C(=O)O,4820.0
CHEMBL4534256,COc1ncc(/C=N/NC(=O)c2ccc(C(=O)O)c(-n3c(C)ccc3C)c2)c(OC)n1,7670.0
CHEMBL4593257,Cc1ccc(C)n1-c1cc(C(=O)N/N=C/c2ccc(-c3cncnc3)cc2)ccc1C(=O)O,26500.0
CHEMBL4565626,Cc1ccc(C)n1-c1cc(C(=O)N/N=C/c2ccccc2N2CCOCC2)ccc1C(=O)O,7050.0
CHEMBL4544077,Cc1ccc(C)n1-c1cc(C(=O)N/N=C/c2ccc3nccnc3c2)ccc1C(=O)O,7110.0
CHEMBL4550118,Cc1ccc(C)n1-c1cc(C(=O)N/N=C/c2ccc3cccnc3n2)ccc1C(=O)O,2970.0
CHEMBL4561825,Cc1ccc(C)n1-c1cc(C(=O)N/N=C/c2cccc3ncccc23)ccc1C(=O)O,15100.0
CHEMBL4533461,Cc1ccc(C)n1-c1cc(C(=O)N/N=C/c2cc(F)c(F)c(F)c2)ccc1C(=O)O,9300.0
CHEMBL4560920,Cc1ccc(C)n1-c1cc(C(=O)N/N=C\c2ccc(O)c(F)c2)ccc1C(=O)O,6520.0
CHEMBL4524924,Cc1ccc(C)n1-c1cc(C(=O)N/N=C\c2cc(F)c(C(=O)O)c(F)c2)ccc1C(=O)O,480.0
CHEMBL4592328,Cc1ccc(C)n1-c1cc(C(=O)N/N=C\c2cccc(C(=O)O)c2)ccc1C(=O)O,675.0
CHEMBL4575537,Cc1ccc(C)n1-c1cc(C(=O)N/N=C/c2cccc(C(=O)O)c2)ccc1C(=O)O,393.0
CHEMBL4521116,Cc1ccc(C)n1-c1cc(C(=O)N/N=C\c2ccc(C(=O)O)s2)ccc1C(=O)O,492.0
CHEMBL4541510,Cc1ccc(C)n1-c1cc(C(=O)N/N=C\c2ccc(S(=O)(=O)O)cc2)ccc1C(=O)O,291.0
CHEMBL4580673,Cc1ccc(C)n1-c1cc(C(=O)N/N=C/c2ccc(C(=O)O)o2)ccc1C(=O)O,708.0
CHEMBL4562662,Cc1ccc(C)n1-c1cc(C(=O)N/N=C/c2cc(C(=O)O)ccc2F)ccc1C(=O)O,1250.0
CHEMBL4569619,Cc1ccc(C)n1-c1ccccc1S(=O)(=O)O,53300.0
CHEMBL4537245,Cc1ccc(C)n1-c1cc2ccccc2cc1C(=O)O,31000.0
CHEMBL4572415,Cc1cc(Br)c(-n2c(C)ccc2C)c(C(=O)O)c1,51500.0
CHEMBL4554011,COc1cc(-n2c(C)ccc2C)c(Cl)cc1C(=O)O,493000.0
CHEMBL4580970,Cc1ccc(C)n1-c1ncccc1C(=O)O,1000.0
CHEMBL4550251,Cc1ccc(C)n1-c1cnccc1C(=O)O,6800000.0
CHEMBL4588143,Cc1ccc(C)n1-c1cccc(C(=O)c2ccccc2)c1C(=O)O,94700.0
CHEMBL4527205,Cc1c2ccccc2c(C)n1-c1ccccc1C(=O)O,57800.0
CHEMBL4529346,Cc1c(C)c(C)n(-c2ccccc2C(=O)O)c1C,83400.0
CHEMBL4562367,Cc1c(C)c(C)n(-c2ccc(C(=O)O)c(O)c2)c1C,96400.0
CHEMBL4573457,Cc1ccc(-c2ccc(-n3c(C)ccc3C)c(C(=O)O)c2)cc1,941000.0
CHEMBL4558120,CC(=O)OCOC(=O)c1ccccc1-n1cccc1,150000.0
CHEMBL4554119,CC(=O)OCOC(=O)c1ccccc1N1CCOCC1,2480000.0
CHEMBL686,Cc1cccc(Nc2ccccc2C(=O)O)c1C,403000.0
CHEMBL375971,CN(C)c1ccc(/N=N/c2ccccc2C(=O)O)cc1,43400.0
CHEMBL4582400,CN1CCN(c2ccccc2C(=O)O)CC1,346000.0
CHEMBL4518419,Cc1ccc(C)n1-c1cc(C(=O)O)ccc1C(=O)O,788.0
CHEMBL4528956,CC(=O)OCOC(=O)c1ccc(Cl)cc1-n1c(C)ccc1C,206000.0
CHEMBL4584226,COc1cc(C(=O)OCOC(C)=O)c(-n2c(C)ccc2C)cc1OC,94600.0
CHEMBL4544865,Cc1ccc(C)n1-c1ccccc1-c1nnn[nH]1,151000.0
CHEMBL4549833,Cc1ccc(C)n1-c1ccc(C(=O)O)c([N+](=O)[O-])c1,155000.0
CHEMBL4560523,Cc1ccc(C)n1-c1cc(C(=O)N2CCc3ccc(C(=O)O)cc3C2)ccc1C(=O)O,343.0
CHEMBL4562525,Cc1ccc(C)n1-c1cc(C(=O)NNC(=O)c2cccc(C(=O)O)c2)ccc1C(=O)O,1890.0
CHEMBL4573045,Cc1ccccc1N1CCN(C(=O)c2ccc(C(=O)O)c(-n3c(C)ccc3C)c2)CC1,10000.0
CHEMBL4561829,Cc1ccc(C)n1-c1ccccc1C(=O)NS(C)(=O)=O,10000.0
CHEMBL4562506,Cc1ccc(C)n1-c1cccnc1C(=O)O,1000.0
CHEMBL4588981,Cc1ccc(C)n1-c1cc(C(=O)N2CCN(c3cccc(O)c3)CC2)ccc1C(=O)O,1000.0
CHEMBL4533829,COC(=O)c1ccc(C(=O)NNC(=O)OC(C)(C)C)cc1-n1c(C)ccc1C,100000.0
CHEMBL4569325,COc1ccc(C2CCCN(C(=O)c3ccc(C(=O)O)c(-n4c(C)ccc4C)c3)C2)cc1,10000.0
CHEMBL4561556,Cc1ccc(C)n1-c1cc(C(=O)N2CCCC(c3ccc(C(=O)NS(C)(=O)=O)cc3)C2)ccc1C(=O)NS(C)(=O)=O,100000.0
CHEMBL4483821,Cc1ccc(C)n1-c1ncccc1C(=O)NS(C)(=O)=O,100000.0
CHEMBL4533752,Cc1ccc(C)n1-c1cc(C(=O)N2CCCC(c3ccccc3)C2)ccc1C(=O)O,10000.0
CHEMBL4526749,COc1cccc(C2CCCN(C(=O)c3ccc(C(=O)O)c(-n4c(C)ccc4C)c3)C2)c1,1000.0
CHEMBL4564403,Cc1ccc(C)n1-c1ccccc1C(=O)NS(=O)(=O)C1CC1,100000.0
CHEMBL4557769,Cc1ccc(C)n1-c1ccccc1C(=O)NS(=O)(=O)c1ccccc1,100000.0
CHEMBL4581487,Cc1ccc(C(F)(F)F)n1-c1ccccc1C(=O)O,100000.0
CHEMBL4592572,Cc1ccc(C)n1-c1cc(CNCc2ccc(C(=O)O)cc2)ccc1C(=O)O,1000.0
CHEMBL4560879,Cc1ccc(C)n1-c1cc(C(=O)N2CCN(c3cccnc3)CC2)ccc1C(=O)O,100000.0
CHEMBL4537983,Cc1ccc(C)n1-c1cc(C(=O)N2CCN(c3cccc(C(=O)O)c3)CC2)ccc1C(=O)O,1000.0
CHEMBL4575641,Cc1ccc(C)n1-c1cc(CNCc2cccc(C(=O)O)c2)ccc1C(=O)O,1000.0
CHEMBL4513297,O=C(O)c1ccccc1-n1c(Br)ccc1C(F)(F)F,10000.0
CHEMBL4483581,Cc1ccc(C)n1-c1cc(C(=O)N2CCN(c3ccccc3C(=O)O)CC2)ccc1C(=O)O,1000.0
CHEMBL4564656,Cc1ccc(C)n1-c1cc(C(=O)N2CCN(c3ccc(C(=O)O)cc3)CC2)ccc1C(=O)O,1000.0
CHEMBL4515132,Cc1ccccc1C1CCCN(C(=O)c2ccc(C(=O)O)c(-n3c(C)ccc3C)c2)C1,100000.0
CHEMBL4568954,Cc1ccc(C)n1-c1cc(C(=O)N2CCCC(c3ccc(Cl)cc3)C2)ccc1C(=O)O,10000.0
CHEMBL4573087,Cc1ccc(C)n1-c1cc(C(=O)N2CCC=C(c3ccc(C(=O)O)cc3)C2)ccc1C(=O)O,10000.0
CHEMBL4581563,Cc1ccc(C)n1-c1cc(C(=O)N2CCCC(c3ccccc3C(=O)O)C2)ccc1C(=O)O,1000.0
CHEMBL4581045,Cc1ccc(C)n1-c1cc(C(=O)N2CCC=C(c3cccc(C(=O)O)c3)C2)ccc1C(=O)O,10000.0
CHEMBL4514773,Cc1ccc(C)n1-c1cc(C(=O)N2CCCC(c3ccc(C(=O)NS(C)(=O)=O)cc3)C2)ccc1C(=O)O,1000.0
CHEMBL4569521,Cc1ccc(C)n1-c1cc(-c2nnc(-c3ccc(C(=O)O)cc3)o2)ccc1C(=O)O,10000.0
CHEMBL4588077,Cc1ccc(C)n1-c1cc(C(=O)N2CCCC(c3ccccc3O)C2)ccc1C(=O)O,10000.0
CHEMBL4551916,Cc1ccc(C)n1-c1cc(C(=O)N2CCCC(c3ccc(CC(=O)O)cc3)C2)ccc1C(=O)O,1000.0
CHEMBL4541408,CC(C)O.CC(C)O.Cc1ccc(C)n1-c1cc(C(=O)N2CCCC(c3ccc(C(=O)O)cc3)C2)ccc1C(=O)O,10000.0
CHEMBL4528401,COC(=O)c1ccc(C(=O)NN)cc1-n1c(C)ccc1C,100000.0
CHEMBL4572985,Cc1cccc(C2CCCN(C(=O)c3ccc(C(=O)O)c(-n4c(C)ccc4C)c3)C2)c1,10000.0
CHEMBL4559501,COc1ccccc1C(=O)N1CCN(C(=O)c2ccc(C(=O)O)c(-n3c(C)ccc3C)c2)CC1,100000.0
CHEMBL4578907,Cc1ccc(C)n1-c1cc(Br)ccc1C(=O)NS(C)(=O)=O,100000.0
CHEMBL4532617,Cc1cnc(C(=O)N2CCN(C(=O)c3ccc(C(=O)O)c(-n4c(C)ccc4C)c3)CC2)cn1,10000.0
CHEMBL4564482,Cc1ccc(C)n1-c1cc(C(=O)N2CCN(C(=O)c3cccnc3)CC2)ccc1C(=O)O,10000.0
CHEMBL4566938,Cc1ccc(C)n1-c1cc(C(=O)N2C[C@H](c3ccccc3)[C@@H](O)C2)ccc1C(=O)O,10000.0
CHEMBL4533706,COc1ccc(C(=O)N2CCN(C(=O)c3ccc(C(=O)O)c(-n4c(C)ccc4C)c3)CC2)cc1,10000.0
CHEMBL4555437,Cc1ccc(C)n1-c1cc(-c2nnc(-c3ccc(OCc4ccccc4)c(OCc4ccccc4)c3OCc3ccccc3)o2)ccc1C(=O)O,1000.0
CHEMBL4517903,COc1cccc(C(=O)N2CCN(C(=O)c3ccc(C(=O)O)c(-n4c(C)ccc4C)c3)CC2)c1,10000.0
CHEMBL4538727,Cc1ccc(C)n1-c1cc(C(=O)N2CCCC(c3ccc(C(=O)O)cc3)C2)ccc1C(=O)NS(C)(=O)=O,10000.0
CHEMBL4539299,Cc1ccc(C)n1-c1cc(-c2nnc(-c3cccc(C(=O)NS(C)(=O)=O)c3)o2)ccc1C(=O)O,10000.0
CHEMBL4530625,Cc1ccc(C)n1-c1cc(C(=O)O)ccc1C(=O)NS(C)(=O)=O,10000.0
CHEMBL4554374,Cc1ccc(C)n1-c1cc(-c2nnc(-c3ccc(O)c(O)c3O)o2)ccc1C(=O)O,1000.0
CHEMBL4588274,COc1cccc([C@H]2CN(C(=O)c3ccc(C(=O)O)c(-n4c(C)ccc4C)c3)C[C@@H]2O)c1,100000.0
CHEMBL4550502,Cc1ccc(C)n1-c1cc(C(=O)N2CCN(C(=O)c3cncc(F)c3)CC2)ccc1C(=O)O,10000.0
CHEMBL4584727,Cc1ccc(C)n1-c1cc(C(=O)N2CCCC(c3ccc(C(=O)O)cc3)C2)ccc1C(=O)O,1000.0
CHEMBL4555382,Cc1ccc(C)n1-c1cc(-c2nnc(-c3cccc(C(=O)O)c3)o2)ccc1C(=O)O,10000.0
CHEMBL4526765,Cc1ccc(C)n1-c1cc(C(=O)N2CCCC(c3cccc(C(=O)O)c3)C2)ccc1C(=O)O,1000.0
CHEMBL4483404,CC(C)N1CCc2c(sc(NC(=O)CCNCc3cnn(C)c3)c2-c2nc3ccccc3s2)C1,300.0
CHEMBL4538583,CC(NCCC(=O)Nc1sc2c(c1-c1nc3ccccc3s1)CCN(C(C)C)C2)c1ccncc1,1000.0
CHEMBL4539866,CC(C)N1CCc2c(sc(NC(=O)CCNCCc3cccnc3)c2-c2nc3ccccc3s2)C1,300.0
CHEMBL4556982,CC(C)N1CCc2c(sc(NC(=O)CCN3CCc4ccccc4C3)c2-c2nc3ccccc3s2)C1,10000.0
CHEMBL4557526,CC(C)N1CCc2c(sc(NC(=O)CCNc3cccnc3)c2-c2nc3ccccc3s2)C1,1000.0
CHEMBL4542868,CC(C)N1CCc2c(sc(NC(=O)CCN3CCOCC3)c2-c2nc3ccccc3s2)C1,300.0
CHEMBL4578057,CC(C)N1CCc2c(sc(NC(=O)CCN(C)C)c2-c2nc3ccccc3s2)C1,300.0
CHEMBL4519092,CNCCC(=O)Nc1sc2c(c1-c1nc3ccccc3s1)CCN(C(C)C)C2,300.0
CHEMBL4529856,CC(C)N1CCc2c(sc(NC(=O)CCN3CCN(C)CC3)c2-c2nc3ccccc3s2)C1,300.0
CHEMBL4548442,CC(C)N1CCc2c(sc(NC(=O)CCNCCc3ccccc3Cl)c2-c2nc3ccccc3s2)C1,10000.0
CHEMBL4589012,COCCNCCC(=O)Nc1sc2c(c1-c1nc3ccccc3s1)CCN(C(C)C)C2,300.0
CHEMBL4533194,CCN(CC)CCNCCC(=O)Nc1sc2c(c1-c1nc3ccccc3s1)CCN(C(C)C)C2,300.0
CHEMBL4514024,CC(C)N1CCc2c(sc(NC(=O)CCNc3ccccc3)c2-c2nc3ccccc3s2)C1,10000.0
CHEMBL4525011,CC(C)N1CCc2c(sc(NC(=O)CCNc3cccc(O)c3)c2-c2nc3ccccc3s2)C1,1000.0
CHEMBL4580976,COc1cccc(NCCC(=O)Nc2sc3c(c2-c2nc4ccccc4s2)CCN(C(C)C)C3)c1,1000.0
CHEMBL4526520,CC(C)N1CCc2c(sc(NC(=O)CCNc3cccc(F)c3)c2-c2nc3ccccc3s2)C1,10000.0
CHEMBL4562811,CC(C)N1CCc2c(sc(NC(=O)CCNCc3ccccc3)c2-c2nc3ccccc3s2)C1,1000.0
CHEMBL4514208,CCC(C)NCCC(=O)Nc1sc2c(c1-c1nc3ccccc3s1)CCN(C(C)C)C2,300.0
CHEMBL4565575,CC(C)N1CCc2c(sc(NC(=O)CCNc3ccc(-c4nnn[nH]4)cc3)c2-c2nc3ccccc3s2)C1,10000.0
CHEMBL4561472,Cc1cc(C)c(CNCCC(=O)Nc2sc3c(c2-c2nc4ccccc4s2)CCN(C(C)C)C3)c(=O)[nH]1,1000.0
CHEMBL4527752,CC(C)N1CCc2c(sc(NC(=O)CCNCCCOCCOCCOCCCN)c2-c2nc3ccccc3s2)C1,300.0
CHEMBL4560135,CCC(C)N(CCC(=O)Nc1sc2c(c1-c1nc3ccccc3s1)CCN(C(C)C)C2)C(=O)OC(C)(C)C,10000.0
CHEMBL4569286,CCC(C)N(C)CCC(=O)Nc1sc2c(c1-c1nc3ccccc3s1)CCN(C(C)C)C2,300.0
CHEMBL4571081,CCC(C)NCCC(=O)Nc1sc2c(c1-c1nc3cc(F)ccc3s1)CCNC2,300.0
CHEMBL4553887,CCC(C)NCCC(=O)Nc1sc2c(c1-c1nc3ccccc3s1)CCNC2,300.0
CHEMBL4520715,CCC(C)NCCC(=O)Nc1sc2c(c1-c1nc3cc(C(F)(F)F)ccc3s1)CCNC2,300.0
CHEMBL4579332,CCC(C)NCCC(=O)Nc1sc2c(c1-c1nc3cc(F)ccc3s1)CCN(C(C)C)C2,300.0
CHEMBL4542779,CC(C)N1CCc2c(sc(NC(=O)CCNC(C)(C)C)c2-c2nc3ccccc3s2)C1,300.0
CHEMBL4583984,CNCCC(=O)Nc1sc2c(c1-c1nc3ccccc3s1)CCNC2,300.0
CHEMBL4589365,CC(C)NCCC(=O)Nc1sc2c(c1-c1nc3ccccc3s1)CCNC2,300.0
CHEMBL4535977,CN(C)CCC(=O)Nc1sc2c(c1-c1nc3ccccc3s1)CCNC2,300.0
CHEMBL4584303,CC(C)(C)NCCC(=O)Nc1sc2c(c1-c1nc3ccccc3s1)CCNC2,300.0
CHEMBL4542481,CC(C)NCCC(=O)Nc1sc2c(c1-c1nc3ccccc3s1)CCN(C(C)C)C2,300.0
CHEMBL4551541,CC(C)N1CCc2c(sc(NC(=O)CCN3C(=O)C=CC3=O)c2-c2nc3ccccc3s2)C1,10000.0
CHEMBL4540840,COCCNCCC(=O)Nc1sc2c(c1-c1nc3ccccc3s1)CCNC2,300.0
CHEMBL4556771,CC[C@H](C)NCCC(=O)Nc1sc2c(c1-c1nc3ccccc3s1)CCN(C(C)C)C2,300.0
CHEMBL4537367,O=C(CCNCCc1cccnc1)Nc1sc2c(c1-c1nc3ccccc3s1)CCNC2,1000.0
CHEMBL4578552,CCC(C)NCCC(=O)Nc1sc2c(c1-c1nc3ccccc3s1)CCN(C1COC1)C2,1000.0
CHEMBL4546842,CCOC(=O)CNCCC(=O)Nc1sc2c(c1-c1nc3ccccc3s1)CCN(C(C)C)C2,300.0
CHEMBL4563877,CCC(C)NCCC(=O)Nc1sc2c(c1-c1nc3cc(Br)ccc3s1)CCNC2,300.0
CHEMBL4573888,CC[C@@H](C)NCCC(=O)Nc1sc2c(c1-c1nc3ccccc3s1)CCN(C(C)C)C2,300.0
CHEMBL4546218,CCC(C)NCCC(=O)Nc1sc2c(c1-c1nc3cc(C(F)(F)F)ccc3s1)CCN(C(C)C)C2,300.0
CHEMBL4554435,Cc1cn(-c2ccc3sc(-c4c(NC(=O)CCNC(C)C)sc5c4CCNC5)nc3c2)cn1,300.0
CHEMBL4522178,CC(C)NCCC(=O)Nc1sc2c(c1-c1nc3cc(-c4cccnc4)ccc3s1)CCNC2,300.0
CHEMBL4535843,CC(C)NCCC(=O)Nc1sc2c(c1-c1nc3cc(-c4cn[nH]c4)ccc3s1)CCNC2,300.0
CHEMBL4561151,CC[C@H](C)NCCC(=O)Nc1sc2c(c1-c1nc3cc(C(F)(F)F)ccc3s1)CCNC2,300.0
CHEMBL4579930,CC[C@@H](C)NCCC(=O)Nc1sc2c(c1-c1nc3ccccc3s1)CCNC2,300.0
CHEMBL4524383,CC[C@H](C)NCCC(=O)Nc1sc2c(c1-c1nc3ccccc3s1)CCNC2,300.0
CHEMBL4564821,CC(C)N1CCc2c(sc(NC(=O)CCNCc3cn[nH]c3)c2-c2nc3ccccc3s2)C1,300.0
CHEMBL4555194,CC[C@H](C)NCCC(=O)Nc1sc2c(c1-c1nc3cc(F)ccc3s1)CCNC2.Cl,300.0
CHEMBL4540398,NCCC(=O)Nc1sc2c(c1-c1nc3ccccc3s1)CCNC2,300.0
CHEMBL4567509,CC(C)NCCC(=O)Nc1sc2c(c1-c1nc3cc(C4CCCCC4)ccc3s1)CCNC2,10000.0
CHEMBL4516312,Cc1noc(C)c1-c1ccc2sc(-c3c(NC(=O)CCNC(C)C)sc4c3CCNC4)nc2c1,1000.0
CHEMBL4543619,CC(C)NCCC(=O)Nc1sc2c(c1-c1nc3cc(-c4ccncc4)ccc3s1)CCNC2,300.0
CHEMBL4589963,CC(C)NCCC(=O)Nc1sc2c(c1-c1nc3cc(-c4cnn(C)c4)ccc3s1)CCNC2,300.0
CHEMBL4567750,Cc1cc(-c2ccc3sc(-c4c(NC(=O)CCNC(C)C)sc5c4CCNC5)nc3c2)n(C)n1,300.0
CHEMBL4531118,Cc1nn(C)cc1-c1ccc2sc(-c3c(NC(=O)CCNC(C)C)sc4c3CCNC4)nc2c1,300.0
CHEMBL4591712,CC(C)NCCC(=O)Nc1sc2c(c1-c1nc3cc(C4=CCOCC4)ccc3s1)CCNC2,300.0
CHEMBL4589548,O=C(O)CNCCC(=O)Nc1sc2c(c1-c1nc3ccccc3s1)CCNC2,300.0
CHEMBL4580313,O=C(CCNCc1cn[nH]c1)Nc1sc2c(c1-c1nc3ccccc3s1)CCNC2,300.0
CHEMBL4528059,CC(C)N1CCc2c(sc(NC(=O)CCNCC(=O)O)c2-c2nc3ccccc3s2)C1,300.0
CHEMBL4580199,CC(C)NCCC(=O)Nc1sc2c(c1-c1nc3cc(-c4ccccc4)ccc3s1)CCNC2,300.0
CHEMBL4541571,CC(C)NCCC(=O)Nc1sc2c(c1-c1nc3cc(C4=CCNCC4)ccc3s1)CCNC2,300.0
CHEMBL4592180,CC(C)NCCC(=O)Nc1sc2c(c1-c1nc3cc(C#N)ccc3s1)CCNC2,300.0
CHEMBL4593332,CC(C)NCCC(=O)Nc1sc2c(c1-c1nc3cc(-n4cnc(Cl)c4)ccc3s1)CCNC2,300.0
CHEMBL4589758,CC(C)NCCC(=O)Nc1sc2c(c1-c1nc3cc(-c4nn[nH]n4)ccc3s1)CCNC2,300.0
CHEMBL4524884,COc1ccc(-c2ccc3sc(-c4c(NC(=O)CCNC(C)C)sc5c4CCNC5)nc3c2)cc1,300.0
CHEMBL4555767,COc1cccc(-c2ccc3sc(-c4c(NC(=O)CCNC(C)C)sc5c4CCNC5)nc3c2)c1,1000.0
CHEMBL4550536,COc1ccccc1-c1ccc2sc(-c3c(NC(=O)CCNC(C)C)sc4c3CCNC4)nc2c1,1000.0
CHEMBL4519109,CC(C)NCCC(=O)Nc1sc2c(c1-c1nc3cc(-n4ccnc4)ccc3s1)CCNC2.Cl.Cl,300.0
CHEMBL4560831,CC[C@@H](C)NCCC(=O)Nc1sc2c(c1-c1nc3cc(C(F)(F)F)ccc3s1)CCNC2,300.0
CHEMBL4526202,COCCNCCC(=O)Nc1sc2c(c1-c1nc3cc(-n4cnc(C)c4)ccc3s1)CCNC2,300.0
CHEMBL4564295,CC(C)NCCC(=O)Nc1sc2c(c1-c1nc3cc(-c4ccc(S(C)(=O)=O)cc4)ccc3s1)CCNC2,300.0
CHEMBL4520343,CC(C)NCCC(=O)Nc1sc2c(c1-c1nc3ccc(-c4cnn(C)c4)cc3s1)CCNC2,300.0
CHEMBL4557429,CC(=O)Nc1ccc(-c2ccc3sc(-c4c(NC(=O)CCNC(C)C)sc5c4CCNC5)nc3c2)cc1,300.0
CHEMBL4541533,COCCNCCC(=O)Nc1sc2c(c1-c1nc3cc(-c4cnn(C)c4)ccc3s1)CCNC2,300.0
CHEMBL4580161,CC[C@@H](C)NCCC(=O)Nc1sc2c(c1-c1nc3cc(F)ccc3s1)CCNC2,300.0
CHEMBL4583977,Cc1cn(-c2ccc3nc(-c4c(NC(=O)CCNC(C)C)sc5c4CCNC5)sc3c2)cn1,300.0
CHEMBL4590995,CC(C)NCCC(=O)Nc1sc2c(c1-c1nc3cc(-n4cncn4)ccc3s1)CCNC2,300.0
CHEMBL4534327,CC(C)NCCC(=O)Nc1sc2c(c1-c1nc3cc(-c4ccc(O)cc4)ccc3s1)CCNC2,300.0
CHEMBL4588062,COCCNCCC(=O)Nc1sc2c(c1-c1nc3cc(F)ccc3s1)CCNC2,300.0
CHEMBL4518030,O=C(CCNCc1c[nH]cn1)Nc1sc2c(c1-c1nc3ccccc3s1)CCNC2,300.0
CHEMBL4592852,CCC(C)NCCC(=O)Nc1sc2c(c1-c1nc3ccccc3s1)CC[N+](C)(C(C)C)C2,300.0
CHEMBL4578035,CC(C)NCCC(=O)Nc1sc2c(c1-c1nc3ccc(-c4ccncc4)cc3s1)CCNC2,300.0
CHEMBL4483340,CC(C)NCCC(=O)Nc1sc2c(c1-c1nc3ccc(-c4cccnc4)cc3s1)CCNC2,300.0
CHEMBL4575303,CC(C)NCCC(=O)Nc1sc2c(c1-c1nc3ccc(C4=CCNCC4)cc3s1)CCNC2,300.0
CHEMBL4534987,CC(C)NCCC(=O)Nc1sc2c(c1-c1nc3ccccc3s1)C[C@H](C)N[C@@H]2C,300.0
CHEMBL4575696,CC(C)NCCC(=O)Nc1sc2c(c1-c1nc3ccccc3s1)C[C@@H](C)N[C@@H]2C,300.0
CHEMBL4554855,CC(C)NCCC(=O)Nc1sc2c(c1-c1nc3ccccc3s1)C[C@@H](C)N[C@H]2C,1000.0
CHEMBL4533560,CC(C)NCCC(=O)Nc1sc2c(c1-c1nc3ccccc3s1)C[C@H](C)N[C@H]2C,1000.0
CHEMBL4582300,CCC(=O)NCCC(=O)Nc1sc2c(c1-c1nc3ccccc3s1)CCNC2,1000.0
CHEMBL4526094,CCC(C)N(CCC(=O)Nc1sc2c(c1-c1nc3ccccc3s1)CCNC2)C(C)=O,1000.0
CHEMBL4532492,CCC(C)NCCC(=O)N(C)c1sc2c(c1-c1nc3ccccc3s1)CCNC2,1000.0
CHEMBL4585493,CC(C)NCCC(=O)Nc1sc2c(c1-c1nc3cc(N4CCOCC4)ccc3s1)CCNC2,300.0
CHEMBL4536332,CC(C)NCCC(=O)Nc1sc2c(c1-c1nc3ccccc3o1)CCNC2,300.0
CHEMBL4549564,CC(C)NCCC(=O)Nc1sc2c(c1-c1nc3cc(N4CCS(=O)(=O)CC4)ccc3s1)CCNC2,300.0
CHEMBL4544519,O=C(CC1CCCN1)Nc1sc2c(c1-c1nc3ccccc3s1)CCNC2,300.0
CHEMBL4524662,O=C(CC1COCCN1)Nc1sc2c(c1-c1nc3ccccc3s1)CCNC2,300.0
CHEMBL4513904,O=C(Nc1sc2c(c1-c1nc3ccccc3s1)CCNC2)C1CNC1,300.0
CHEMBL4539679,COCCNCCC(=O)Nc1sc2c(c1-c1nc3cc(-c4ccncc4)ccc3s1)CCNC2,300.0
CHEMBL4561442,COCCN(CCOC)CCC(=O)Nc1sc2c(c1-c1nc3ccccc3s1)CCNC2,10000.0
CHEMBL4529956,O=C(CCNCCO)Nc1sc2c(c1-c1nc3ccccc3s1)CCNC2,300.0
CHEMBL4553733,Cc1cccc2oc(-c3c(NC(=O)CCNC(C)C)sc4c3CCNC4)nc12.Cl.Cl,300.0
CHEMBL4522160,COCCNCCC(=O)Nc1sc2c(c1-c1nc3c(C)cccc3o1)CCNC2,300.0
CHEMBL4551569,CC(C)NCCC(=O)Nc1sc2c(c1-c1nc3ccccc3s1)CC1CCC2N1,1000.0
CHEMBL4515046,COCCNCCC(=O)Nc1sc2c(c1-c1nc3cc(C)ccc3s1)CCNC2,300.0
CHEMBL4571236,COCCNCCC(=O)Nc1sc2c(c1-c1nc3ccccc3s1)CC(C)NC2C,300.0
CHEMBL4574800,COc1ccc2sc(-c3c(NC(=O)CCNC(C)C)sc4c3CCNC4)nc2c1,300.0
CHEMBL4542453,COc1ccc2sc(-c3c(NC(=O)CCNC(C)C)sc4c3CCNC4)nc2c1Cl,300.0
CHEMBL4577846,COCCNCCC(=O)Nc1sc2c(c1-c1nc3ccc(F)cc3s1)CCNC2,300.0
CHEMBL4566753,CCC(C)N(CCC(=O)Nc1sc2c(c1-c1nc3ccccc3s1)CCN(CCNC(=O)C(F)(F)F)C2)C(C)=O,10000.0
CHEMBL4529516,CC(C)NCCC(=O)Nc1sc2c(c1-c1nc3cc(C(=O)O)ccc3s1)CCNC2,300.0
CHEMBL4554489,C=Cc1ccc2sc(-c3c(NC(=O)CCNC(C)C)sc4c3CCNC4)nc2c1,300.0
CHEMBL4593417,CC(C)NCCC(=O)Nc1sc2c(c1-c1nc3cc(C(=O)N(C)C)ccc3s1)CCNC2,300.0
CHEMBL4514150,COCCNC(=O)c1ccc2sc(-c3c(NC(=O)CCNC(C)C)sc4c3CCNC4)nc2c1,300.0
CHEMBL4541352,CC(C)NCCC(=O)Nc1sc2c(c1-c1nc3cc(C(=O)N4CCN(C)CC4)ccc3s1)CCNC2,300.0
CHEMBL4564096,CC(C)NCCC(=O)N(C)c1sc2c(c1-c1nc3cc(-c4cnn(C)c4)ccc3s1)CCNC2,10000.0
CHEMBL4561382,CC(C)NCCC(=O)Nc1sc2c(c1-c1nc3cc(C4=CCN(S(C)(=O)=O)CC4)ccc3s1)CCNC2,300.0
CHEMBL4593297,COCCNCCC(=O)Nc1sc2c(c1-c1nc3ccc(-c4cncc(F)c4)cc3s1)CCNC2,300.0
CHEMBL4572339,COCCNCCC(=O)Nc1sc2c(c1-c1nc3ccc(-c4ccc(N5CCOCC5)nc4)cc3s1)CCNC2,10000.0
CHEMBL4517860,CCOc1ccc(-c2ccc3sc(-c4c(NC(=O)CCNCCOC)sc5c4CCNC5)nc3c2)cn1,300.0
CHEMBL4515267,CCOc1ccc(-c2ccc3nc(-c4c(NC(=O)CCNCCOC)sc5c4CCNC5)sc3c2)cn1,1000.0
CHEMBL4561513,COCCNCCC(=O)Nc1sc2c(c1-c1nc3cc(-c4ccc(OC)c(OC)c4)ccc3s1)CCNC2,10000.0
CHEMBL4519814,COCCNCCC(=O)Nc1sc2c(c1-c1nc3ccc(-c4cccc(C(=O)N(C)C)c4)cc3s1)CCNC2,300.0
CHEMBL4525945,COCCNCCC(=O)Nc1sc2c(c1-c1nc3ccc(-c4ccc5c(c4)OCO5)cc3s1)CCNC2,10000.0
CHEMBL4584193,COCCNCCC(=O)Nc1sc2c(c1-c1nc3cc(-c4ccc(C(=O)N5CCOCC5)cc4)ccc3s1)CCNC2,300.0
CHEMBL4515243,CNS(=O)(=O)c1cccc(-c2ccc3sc(-c4c(NC(=O)CCNCCOC)sc5c4CCNC5)nc3c2)c1,300.0
CHEMBL4567821,COCCNCCC(=O)Nc1sc2c(c1-c1nc3cc(-c4ccc(N5CCNCC5)nc4)ccc3s1)CCNC2,300.0
CHEMBL4565749,COCCNCCC(=O)Nc1sc2c(c1-c1nc3cc(-c4cncc(F)c4)ccc3s1)CCNC2,300.0
CHEMBL4557780,COCCNCCC(=O)Nc1sc2c(c1-c1nc3cc(-c4cccc(C#N)c4)ccc3s1)CCNC2,300.0
CHEMBL4548456,COCCNCCC(=O)Nc1sc2c(c1-c1nc3ccc(-c4cn[nH]c4)cc3s1)CCNC2,300.0
CHEMBL4546830,COCCNCCC(=O)Nc1sc2c(c1-c1nc3cc(-c4ccc(F)nc4F)ccc3s1)CCNC2,300.0
CHEMBL4539003,CCOc1ncccc1-c1ccc2nc(-c3c(NC(=O)CCNCCOC)sc4c3CCNC4)sc2c1,10000.0
CHEMBL4521872,COCCNCCC(=O)Nc1sc2c(c1-c1nc3cc(-c4ccnc(NC(C)=O)c4)ccc3s1)CCNC2,300.0
CHEMBL4589755,CNC(=O)Nc1ccc(-c2ccc3nc(-c4c(NC(=O)CCNCCOC)sc5c4CCNC5)sc3c2)cc1,1000.0
CHEMBL4529635,COCCNCCC(=O)Nc1sc2c(c1-c1nc3ccc(-c4ccc(C)c(C#N)c4)cc3s1)CCNC2,10000.0
CHEMBL4591152,COCCNCCC(=O)Nc1sc2c(c1-c1nc3cc(-c4cnc(N)nc4)ccc3s1)CCNC2,300.0
CHEMBL4539400,CNC(=O)Nc1ccc(-c2ccc3sc(-c4c(NC(=O)CCNCCOC)sc5c4CCNC5)nc3c2)cc1,1000.0
CHEMBL4548953,COCCNCCC(=O)Nc1sc2c(c1-c1nc3ccc(-c4cccnc4OC)cc3s1)CCNC2,1000.0
CHEMBL4513508,CNS(=O)(=O)c1cccc(-c2ccc3nc(-c4c(NC(=O)CCNCCOC)sc5c4CCNC5)sc3c2)c1,300.0
CHEMBL4576917,COCCNCCC(=O)Nc1sc2c(c1-c1nc3cc(-c4cncc(OC)c4)ccc3s1)CCNC2,300.0
CHEMBL4551129,COCCNCCC(=O)Nc1sc2c(c1-c1nc3cc(-c4ccc5cnn(C)c5c4)ccc3s1)CCNC2,300.0
CHEMBL4560877,COCCNCCC(=O)Nc1sc2c(c1-c1nc3ccc(-c4c[nH]nc4C)cc3s1)CCNC2,300.0
CHEMBL4582354,COCCNCCC(=O)Nc1sc2c(c1-c1nc3ccc(-c4cccc(S(N)(=O)=O)c4)cc3s1)CCNC2,300.0
CHEMBL4541755,COCCNCCC(=O)Nc1sc2c(c1-c1nc3cc(-c4c(C)n[nH]c4C)ccc3s1)CCNC2,1000.0
CHEMBL4569973,COCCNCCC(=O)Nc1sc2c(c1-c1nc3ccc(-c4c(C)n[nH]c4C)cc3s1)CCNC2,10000.0
CHEMBL4561699,COCCNCCC(=O)Nc1sc2c(c1-c1nc3ccc(-c4cc(C)[nH]n4)cc3s1)CCNC2,300.0
CHEMBL4585662,COCCNCCC(=O)Nc1sc2c(c1-c1nc3ccc(-c4cncc(OCCOC)c4)cc3s1)CCNC2,10000.0
CHEMBL4529224,COCCNCCC(=O)Nc1sc2c(c1-c1nc3ccc(-c4cccc(C#N)c4)cc3s1)CCNC2,1000.0
CHEMBL4579622,COCCNCCC(=O)Nc1sc2c(c1-c1nc3ccc(-c4cnn(C(C)C)c4)cc3s1)CCNC2,300.0
CHEMBL4545809,COCCNCCC(=O)Nc1sc2c(c1-c1nc3ccc(-c4ccccc4S(C)(=O)=O)cc3s1)CCNC2,10000.0
CHEMBL4579080,COCCNCCC(=O)Nc1sc2c(c1-c1nc3cc(-c4cncc(C(F)(F)F)c4)ccc3s1)CCNC2,300.0
CHEMBL4526764,COCCNCCC(=O)Nc1sc2c(c1-c1nc3ccc(-c4cc[nH]n4)cc3s1)CCNC2,300.0
CHEMBL4533996,COCCNCCC(=O)Nc1sc2c(c1-c1nc3ccc(-c4ccc5c(c4)NC(=O)CO5)cc3s1)CCNC2,10000.0
CHEMBL4542456,COCCNCCC(=O)Nc1sc2c(c1-c1nc3ccc(-c4ccnc(C)c4)cc3s1)CCNC2,300.0
CHEMBL4532903,COCCNCCC(=O)Nc1sc2c(c1-c1nc3cc(-c4ccc(C(=O)N(C)C)cc4F)ccc3s1)CCNC2,300.0
CHEMBL4518226,COCCNCCC(=O)Nc1sc2c(c1-c1nc3ccc(-c4ccc(N5CCN(C)CC5)cc4)cc3s1)CCNC2,300.0
CHEMBL4515044,COCCNCCC(=O)Nc1sc2c(c1-c1nc3ccc(-c4ccncc4C)cc3s1)CCNC2,10000.0
CHEMBL4574013,COCCNCCC(=O)Nc1sc2c(c1-c1nc3cc(-c4ccc(OC)nc4C)ccc3s1)CCNC2,10000.0
CHEMBL4541890,COCCNCCC(=O)Nc1sc2c(c1-c1nc3ccc(-c4cnccc4OC)cc3s1)CCNC2,10000.0
CHEMBL4543536,COCCNCCC(=O)Nc1sc2c(c1-c1nc3cc(-c4ccncc4C)ccc3s1)CCNC2,1000.0
CHEMBL4540945,COCCNCCC(=O)Nc1sc2c(c1-c1nc3ccc(-c4ccc(C)nc4)cc3s1)CCNC2,300.0
CHEMBL4589734,COCCNCCC(=O)Nc1sc2c(c1-c1nc3ccc(-c4ccc5ncnn5c4)cc3s1)CCNC2,1000.0
CHEMBL4538399,COCCNCCC(=O)Nc1sc2c(c1-c1nc3cc(-c4cccnc4C)ccc3s1)CCNC2,1000.0
CHEMBL4593918,COCCNCCC(=O)Nc1sc2c(c1-c1nc3cc(-c4ccc5ncccc5c4)ccc3s1)CCNC2,10000.0
CHEMBL4585179,COCCNCCC(=O)Nc1sc2c(c1-c1nc3ccc(-c4ccc(O)nc4)cc3s1)CCNC2,300.0
CHEMBL4578075,COCCNCCC(=O)Nc1sc2c(c1-c1nc3cc(-c4c(C)nn(C)c4C)ccc3s1)CCNC2,1000.0
CHEMBL4569450,COCCNCCC(=O)Nc1sc2c(c1-c1nc3ccc(-c4cnc(N5CCOCC5)nc4)cc3s1)CCNC2,10000.0
CHEMBL4534523,COCCNCCC(=O)Nc1sc2c(c1-c1nc3ccc(-c4cnc(N)c(C(F)(F)F)c4)cc3s1)CCNC2,10000.0
CHEMBL4545941,COCCNCCC(=O)Nc1sc2c(c1-c1nc3cc(-c4cccc(C(=O)N5CCN(C)CC5)c4)ccc3s1)CCNC2,1000.0
CHEMBL4513912,COCCNCCC(=O)Nc1sc2c(c1-c1nc3ccc(-c4ccnc(OC)c4)cc3s1)CCNC2,300.0
CHEMBL4570350,COCCNCCC(=O)Nc1sc2c(c1-c1nc3cc(-c4cnn(Cc5ccccc5)c4)ccc3s1)CCNC2,1000.0
CHEMBL4513596,COCCNCCC(=O)Nc1sc2c(c1-c1nc3cc(-c4cccnc4OC)ccc3s1)CCNC2,10000.0
CHEMBL4537109,COCCNCCC(=O)Nc1sc2c(c1-c1nc3cc(-c4cnc(OC)c(OC)c4)ccc3s1)CCNC2,1000.0
CHEMBL4547126,COCCNCCC(=O)Nc1sc2c(c1-c1nc3ccc(-c4cncc(C(F)(F)F)c4)cc3s1)CCNC2,10000.0
CHEMBL4583064,COCCNCCC(=O)Nc1sc2c(c1-c1nc3cc(-c4cccc5[nH]ncc45)ccc3s1)CCNC2,1000.0
CHEMBL4577217,COCCNCCC(=O)Nc1sc2c(c1-c1nc3ccc(-c4ccc(C)nc4OC)cc3s1)CCNC2,10000.0
CHEMBL4587342,COCCNCCC(=O)Nc1sc2c(c1-c1nc3cc(-c4ccnc(OC)c4)ccc3s1)CCNC2,300.0
CHEMBL4549996,COCCNCCC(=O)Nc1sc2c(c1-c1nc3ccc(-c4cnc(OC)c(OC)c4)cc3s1)CCNC2,1000.0
CHEMBL4548449,COCCNCCC(=O)Nc1sc2c(c1-c1nc3cc(-c4ccccc4NS(C)(=O)=O)ccc3s1)CCNC2,1000.0
CHEMBL4517842,COCCNCCC(=O)Nc1sc2c(c1-c1nc3cc(-c4cnn(C)c4C)ccc3s1)CCNC2,300.0
CHEMBL4515931,COCCNCCC(=O)Nc1sc2c(c1-c1nc3ccc(-c4ccc(C(=O)N(C)C)cc4F)cc3s1)CCNC2,300.0
CHEMBL4560741,COCCNCCC(=O)Nc1sc2c(c1-c1nc3ccc(-c4ccc(C#N)nc4)cc3s1)CCNC2,300.0
CHEMBL4531133,COCCNCCC(=O)Nc1sc2c(c1-c1nc3cc(-c4ccccc4S(C)(=O)=O)ccc3s1)CCNC2,10000.0
CHEMBL4565778,COCCNCCC(=O)Nc1sc2c(c1-c1nc3cc(-c4ccncc4Cl)ccc3s1)CCNC2,10000.0
CHEMBL4559023,COCCNCCC(=O)Nc1sc2c(c1-c1nc3cc(-c4cccc(C(=O)N(C)C)c4)ccc3s1)CCNC2,300.0
CHEMBL4571016,COCCNCCC(=O)Nc1sc2c(c1-c1nc3ccc(-c4cncnc4)cc3s1)CCNC2,300.0
CHEMBL4566459,COCCNCCC(=O)Nc1sc2c(c1-c1nc3cc(-c4cnc(N5CCOCC5)nc4)ccc3s1)CCNC2,300.0
CHEMBL4535522,COCCNCCC(=O)Nc1sc2c(c1-c1nc3ccc(-c4cncc(OC)c4)cc3s1)CCNC2,1000.0
CHEMBL4592303,COCCNCCC(=O)Nc1sc2c(c1-c1nc3ccc(-c4cccnc4F)cc3s1)CCNC2,10000.0
CHEMBL4552897,COCCNCCC(=O)Nc1sc2c(c1-c1nc3cc(-c4ccc(F)nc4)ccc3s1)CCNC2,300.0
CHEMBL4555056,COCCNCCC(=O)Nc1sc2c(c1-c1nc3ccc(-c4ccc(OC(C)C)nc4)cc3s1)CCNC2,10000.0
CHEMBL4551963,COCCNCCC(=O)Nc1sc2c(c1-c1nc3ccc(-c4ccnc(N)c4)cc3s1)CCNC2,300.0
CHEMBL4524611,COCCNCCC(=O)Nc1sc2c(c1-c1nc3ccc(-c4cnn(Cc5ccccc5)c4)cc3s1)CCNC2,1000.0
CHEMBL4583624,COCCNCCC(=O)Nc1sc2c(c1-c1nc3cc(-c4c[nH]nc4C)ccc3s1)CCNC2,300.0
CHEMBL4542692,COCCNCCC(=O)Nc1sc2c(c1-c1nc3cc(-c4cnc(OC)nc4)ccc3s1)CCNC2,300.0
CHEMBL4560717,COCCNCCC(=O)Nc1sc2c(c1-c1nc3cc(-c4ccc(C#N)nc4)ccc3s1)CCNC2,300.0
CHEMBL4579925,COCCNCCC(=O)Nc1sc2c(c1-c1nc3cc(-c4ccn[nH]4)ccc3s1)CCNC2,300.0
CHEMBL4521374,COCCNCCC(=O)Nc1sc2c(c1-c1nc3ccc(-c4cccc5cccnc45)cc3s1)CCNC2,10000.0
CHEMBL4551818,COCCNCCC(=O)Nc1sc2c(c1-c1nc3cc(-c4ccc(N5CCOCC5)nc4)ccc3s1)CCNC2,300.0
CHEMBL4565726,COCCNCCC(=O)Nc1sc2c(c1-c1nc3cc(-c4ccc(C(=O)OC)nc4)ccc3s1)CCNC2,300.0
CHEMBL4514502,COCCNCCC(=O)Nc1sc2c(c1-c1nc3cc(-c4ccc5c(c4)OCO5)ccc3s1)CCNC2,10000.0
CHEMBL4576661,COCCNCCC(=O)Nc1sc2c(c1-c1nc3ccc(-c4cncc(C)c4)cc3s1)CCNC2,1000.0
CHEMBL4591866,COCCNCCC(=O)Nc1sc2c(c1-c1nc3cc(-c4cccc(S(C)(=O)=O)c4)ccc3s1)CCNC2,300.0
CHEMBL4567329,COCCNCCC(=O)Nc1sc2c(c1-c1nc3cc(-c4ccc5ncnn5c4)ccc3s1)CCNC2,300.0
CHEMBL4533871,COCCNCCC(=O)Nc1sc2c(c1-c1nc3ccc(-c4cccc(C(F)(F)F)c4)cc3s1)CCNC2,10000.0
CHEMBL4577009,CNS(=O)(=O)c1ccccc1-c1ccc2sc(-c3c(NC(=O)CCNCCOC)sc4c3CCNC4)nc2c1,10000.0
CHEMBL4532060,COCCNCCC(=O)Nc1sc2c(c1-c1nc3cc(-c4ccc(C)nc4OC)ccc3s1)CCNC2,1000.0
CHEMBL4568726,COCCNCCC(=O)Nc1sc2c(c1-c1nc3ccc(-c4cccnc4C)cc3s1)CCNC2,10000.0
CHEMBL4531606,COCCNCCC(=O)Nc1sc2c(c1-c1nc3cc(-c4ccc(C)c(C#N)c4)ccc3s1)CCNC2,10000.0
CHEMBL4532611,COCCNCCC(=O)Nc1sc2c(c1-c1nc3cc(-c4cccc(S(N)(=O)=O)c4)ccc3s1)CCNC2,300.0
CHEMBL4593372,COCCNCCC(=O)Nc1sc2c(c1-c1nc3ccc(-c4ccnn4C)cc3s1)CCNC2,1000.0
CHEMBL4528592,COCCNCCC(=O)Nc1sc2c(c1-c1nc3ccc(-c4c(C)nn(C)c4C)cc3s1)CCNC2,10000.0
CHEMBL4536244,COCCNCCC(=O)Nc1sc2c(c1-c1nc3cc(-c4ccc(N5CCN(C)CC5)cc4)ccc3s1)CCNC2,300.0
CHEMBL4566041,COCCNCCC(=O)Nc1sc2c(c1-c1nc3cc(-c4cncc(OCCOC)c4)ccc3s1)CCNC2,300.0
CHEMBL4570938,COCCNCCC(=O)Nc1sc2c(c1-c1nc3ccc(-c4ccccc4O)cc3s1)CCNC2,10000.0
CHEMBL4575892,COCCNCCC(=O)Nc1sc2c(c1-c1nc3cc(-c4cccc5cccnc45)ccc3s1)CCNC2,10000.0
CHEMBL4579964,COCCNCCC(=O)Nc1sc2c(c1-c1nc3ccc(-c4ccc5ncccc5c4)cc3s1)CCNC2,10000.0
CHEMBL4531209,COCCNCCC(=O)Nc1sc2c(c1-c1nc3ccc(-c4ccc(C(=O)OC)nc4)cc3s1)CCNC2,1000.0
CHEMBL4534479,COCCNCCC(=O)Nc1sc2c(c1-c1nc3cc(-c4ccc(O)c(F)c4)ccc3s1)CCNC2,10000.0
CHEMBL4573317,COCCNCCC(=O)Nc1sc2c(c1-c1nc3cc(-c4ccc(S(=O)(=O)NC5CC5)cc4)ccc3s1)CCNC2,10000.0
CHEMBL4551278,CNc1ncc2cc(-c3ccc4sc(-c5c(NC(=O)CCNCCOC)sc6c5CCNC6)nc4c3)ccc2n1,10000.0
CHEMBL4550889,COCCNCCC(=O)Nc1sc2c(c1-c1nc3ccc(-c4ccc(O)c(F)c4)cc3s1)CCNC2,10000.0
CHEMBL4566478,COCCNCCC(=O)Nc1sc2c(c1-c1nc3cc(-c4ccccc4)ccc3s1)CCNC2,1000.0
CHEMBL4592428,COCCNCCC(=O)Nc1sc2c(c1-c1nc3cc(-c4ccnc(N)c4)ccc3s1)CCNC2,300.0
CHEMBL4543052,COCCNCCC(=O)Nc1sc2c(c1-c1nc3cc(-c4cccc(NS(C)(=O)=O)c4)ccc3s1)CCNC2,1000.0
CHEMBL4562301,COCCNCCC(=O)Nc1sc2c(c1-c1nc3cc(-c4cnc(N)c(C(F)(F)F)c4)ccc3s1)CCNC2,1000.0
CHEMBL4557486,COCCNCCC(=O)Nc1sc2c(c1-c1nc3ccc(-c4cnn(C)c4C)cc3s1)CCNC2,300.0
CHEMBL4542415,CCOc1ncccc1-c1ccc2sc(-c3c(NC(=O)CCNCCOC)sc4c3CCNC4)nc2c1,1000.0
CHEMBL4578418,COCCNCCC(=O)Nc1sc2c(c1-c1nc3cc(-c4ccc(OC(C)C)nc4)ccc3s1)CCNC2,1000.0
CHEMBL4529860,COCCNCCC(=O)Nc1sc2c(c1-c1nc3ccc(-c4ccc(OC)nc4C)cc3s1)CCNC2,10000.0
CHEMBL4566375,COCCNCCC(=O)Nc1sc2c(c1-c1nc3ccc(-c4ccc(C(F)(F)F)nc4)cc3s1)CCNC2,10000.0
CHEMBL4540895,COCCNCCC(=O)Nc1sc2c(c1-c1nc3ccc(-c4ccc(C(=O)N5CCOCC5)cc4)cc3s1)CCNC2,300.0
CHEMBL4580719,COCCNCCC(=O)Nc1sc2c(c1-c1nc3ccc(-c4ccc(S(=O)(=O)NC5CC5)cc4)cc3s1)CCNC2,10000.0
CHEMBL4565897,COCCNCCC(=O)Nc1sc2c(c1-c1nc3cc(-c4cncc(N)c4)ccc3s1)CCNC2,300.0
CHEMBL4532399,COCCNCCC(=O)Nc1sc2c(c1-c1nc3ccc(-c4cccc(NS(C)(=O)=O)c4)cc3s1)CCNC2,300.0
CHEMBL4554175,CCOC(=O)Cn1cc(-c2ccc3sc(-c4c(NC(=O)CCNCCOC)sc5c4CCNC5)nc3c2)cn1,300.0
CHEMBL4541661,COCCNCCC(=O)Nc1sc2c(c1-c1nc3ccc(-c4ccncc4Cl)cc3s1)CCNC2,10000.0
CHEMBL4560991,COCCNCCC(=O)Nc1sc2c(c1-c1nc3ccc(-c4c(F)cccc4F)cc3s1)CCNC2,10000.0
CHEMBL4591416,COCCNCCC(=O)Nc1sc2c(c1-c1nc3cc(-c4ccc5c(c4)NC(=O)C5)ccc3s1)CCNC2,10000.0
CHEMBL4533963,COCCNCCC(=O)Nc1sc2c(c1-c1nc3cc(-c4ccnc(C)c4)ccc3s1)CCNC2,300.0
CHEMBL4580641,COCCNCCC(=O)Nc1sc2c(c1-c1nc3ccc(-c4cc(F)cnc4OC)cc3s1)CCNC2,10000.0
CHEMBL4540352,COCCNCCC(=O)Nc1sc2c(c1-c1nc3cc(-c4ccnc(C(F)(F)F)c4)ccc3s1)CCNC2,300.0
CHEMBL4580049,COCCNCCC(=O)Nc1sc2c(c1-c1nc3ccc(-c4ccnc(C(F)(F)F)c4)cc3s1)CCNC2,10000.0
CHEMBL4563570,COCCNCCC(=O)Nc1sc2c(c1-c1nc3ccc(-c4ccc5cnn(C)c5c4)cc3s1)CCNC2,10000.0
CHEMBL4555180,COCCNCCC(=O)Nc1sc2c(c1-c1nc3ccc(-c4ccc(F)nc4F)cc3s1)CCNC2,10000.0
CHEMBL4538690,COCCNCCC(=O)Nc1sc2c(c1-c1nc3cc(-c4cccc(C(F)(F)F)c4)ccc3s1)CCNC2,10000.0
CHEMBL4591381,COCCNCCC(=O)Nc1sc2c(c1-c1nc3ccc(-c4ccnc(F)c4)cc3s1)CCNC2,300.0
CHEMBL4581713,COCCNCCC(=O)Nc1sc2c(c1-c1nc3cc(-c4ccc5c(=O)[nH]ccc5c4)ccc3s1)CCNC2,10000.0
CHEMBL4584346,COCCNCCC(=O)Nc1sc2c(c1-c1nc3cc(-c4ccnc(F)c4)ccc3s1)CCNC2,300.0
CHEMBL4526463,COCCNCCC(=O)Nc1sc2c(c1-c1nc3ccc(C4=CCNCC4)cc3s1)CCNC2,300.0
CHEMBL4525970,CNS(=O)(=O)c1ccccc1-c1ccc2nc(-c3c(NC(=O)CCNCCOC)sc4c3CCNC4)sc2c1,10000.0
CHEMBL4483367,COCCNCCC(=O)Nc1sc2c(c1-c1nc3ccc(-c4cc5ccccc5[nH]4)cc3s1)CCNC2,10000.0
CHEMBL4588883,COCCNCCC(=O)Nc1sc2c(c1-c1nc3ccc(-c4ccc(OC)nc4)cc3s1)CCNC2,1000.0
CHEMBL4569615,COCCNCCC(=O)Nc1sc2c(c1-c1nc3cc(-c4cccc(C(=O)NCCN(C)C)c4)ccc3s1)CCNC2,300.0
CHEMBL4576422,COCCNCCC(=O)Nc1sc2c(c1-c1nc3cc(-c4ccccc4NC(C)=O)ccc3s1)CCNC2,10000.0
CHEMBL4588915,COCCNCCC(=O)Nc1sc2c(c1-c1nc3cc(-c4cnn(C(C)C)c4)ccc3s1)CCNC2,300.0
CHEMBL4534178,COCCNCCC(=O)Nc1sc2c(c1-c1nc3cc(-c4ccccc4O)ccc3s1)CCNC2,1000.0
CHEMBL4589481,COCCNCCC(=O)Nc1sc2c(c1-c1nc3cc(-c4cc5ccccc5[nH]4)ccc3s1)CCNC2,10000.0
CHEMBL4516734,COCCNCCC(=O)Nc1sc2c(c1-c1nc3cc(-c4cc5cccc(OC)c5[nH]4)ccc3s1)CCNC2,1000.0
CHEMBL4536378,COCCNCCC(=O)Nc1sc2c(c1-c1nc3ccc(-c4cnoc4)cc3s1)CCNC2,300.0
CHEMBL4558931,COCCNCCC(=O)Nc1sc2c(c1-c1nc3ccc(-c4cncc(N)c4)cc3s1)CCNC2,300.0
CHEMBL4550356,COCCNCCC(=O)Nc1sc2c(c1-c1nc3ccc(-c4ccnc5[nH]ccc45)cc3s1)CCNC2,10000.0
CHEMBL4574910,COCCNCCC(=O)Nc1sc2c(c1-c1nc3cc(-c4ccnc5[nH]ccc45)ccc3s1)CCNC2,1000.0
CHEMBL4586406,COCCNCCC(=O)Nc1sc2c(c1-c1nc3ccc(-c4ccc(F)nc4)cc3s1)CCNC2,300.0
CHEMBL4543291,COCCNCCC(=O)Nc1sc2c(c1-c1nc3cc(-c4cc(F)cnc4OC)ccc3s1)CCNC2,1000.0
CHEMBL4549021,COCCNCCC(=O)Nc1sc2c(c1-c1nc3ccc(-c4ccccc4Cl)cc3s1)CCNC2,10000.0
CHEMBL4583400,COCCNCCC(=O)Nc1sc2c(c1-c1nc3ccc(-c4cc5cccc(OC)c5[nH]4)cc3s1)CCNC2,1000.0
CHEMBL4558521,COCCNCCC(=O)Nc1sc2c(c1-c1nc3ccc(-c4ccc(OC)c(OC)c4)cc3s1)CCNC2,10000.0
CHEMBL4530064,COCCNCCC(=O)Nc1sc2c(c1-c1nc3cc(-c4ccccc4Cl)ccc3s1)CCNC2,1000.0
CHEMBL4540616,COCCNCCC(=O)Nc1sc2c(c1-c1nc3cc(-c4ccc5c(c4)NC(=O)CO5)ccc3s1)CCNC2,1000.0
CHEMBL4515001,COCCNCCC(=O)Nc1sc2c(c1-c1nc3ccc(-c4ccccc4NC(C)=O)cc3s1)CCNC2,10000.0
CHEMBL4531295,COCCNCCC(=O)Nc1sc2c(c1-c1nc3cc(-c4cnoc4)ccc3s1)CCNC2,300.0
CHEMBL4589225,COCCNCCC(=O)Nc1sc2c(c1-c1nc3cc(-c4cc(C)[nH]n4)ccc3s1)CCNC2,300.0
CHEMBL4531939,COCCNCCC(=O)Nc1sc2c(c1-c1nc3ccc(-c4cccc5[nH]ncc45)cc3s1)CCNC2,1000.0
CHEMBL4517333,COCCNCCC(=O)Nc1sc2c(c1-c1nc3cc(-c4cncnc4)ccc3s1)CCNC2,300.0
CHEMBL4551509,COCCNCCC(=O)Nc1sc2c(c1-c1nc3cc(-c4ccc(O)nc4)ccc3s1)CCNC2,300.0
CHEMBL4520541,COCCNCCC(=O)Nc1sc2c(c1-c1nc3ccc(-c4cnc(N)nc4)cc3s1)CCNC2,300.0
CHEMBL4560405,COCCNCCC(=O)Nc1sc2c(c1-c1nc3ccc(-c4cncc(C#N)c4)cc3s1)CCNC2,1000.0
CHEMBL4539062,COCCNCCC(=O)Nc1sc2c(c1-c1nc3ccc(-c4ccc5nc(N)ncc5c4)cc3s1)CCNC2,10000.0
CHEMBL4537387,COCCNCCC(=O)Nc1sc2c(c1-c1nc3ccc(-c4ccnc(NC(C)=O)c4)cc3s1)CCNC2,300.0
CHEMBL4569366,COCCNCCC(=O)Nc1sc2c(c1-c1nc3cc(-c4cncc(C)c4)ccc3s1)CCNC2,300.0
CHEMBL4568518,COCCNCCC(=O)Nc1sc2c(c1-c1nc3ccc(-c4ccccc4NS(C)(=O)=O)cc3s1)CCNC2,10000.0
CHEMBL4585908,COCCNCCC(=O)Nc1sc2c(c1-c1nc3cc(-c4ccc(OC)nc4)ccc3s1)CCNC2,1000.0
CHEMBL4541669,COCCNCCC(=O)Nc1sc2c(c1-c1nc3ccc(-c4cccc(C(=O)NCCN(C)C)c4)cc3s1)CCNC2,300.0
CHEMBL4524251,COCCNCCC(=O)Nc1sc2c(c1-c1nc3ccc(-c4cnccc4C)cc3s1)CCNC2,10000.0
CHEMBL4585056,COCCNCCC(=O)Nc1sc2c(c1-c1nc3ccc(-c4cnc(OC)nc4)cc3s1)CCNC2,1000.0
CHEMBL4567364,COCCNCCC(=O)Nc1sc2c(c1-c1nc3cc(-c4ccc(C(F)(F)F)nc4)ccc3s1)CCNC2,1000.0
CHEMBL4564159,COCCNCCC(=O)Nc1sc2c(c1-c1nc3cc(C4=CCNCC4)ccc3s1)CCNC2,300.0
CHEMBL4527262,COCCNCCC(=O)Nc1sc2c(c1-c1nc3ccc(-c4ccc5c(c4)NC(=O)C5)cc3s1)CCNC2,1000.0
CHEMBL4557471,COCCNCCC(=O)Nc1sc2c(c1-c1nc3cc(-c4cncc(C#N)c4)ccc3s1)CCNC2,300.0
CHEMBL4534299,COCCNCCC(=O)Nc1sc2c(c1-c1nc3cc(-c4cnccc4C)ccc3s1)CCNC2,1000.0
CHEMBL4532013,COCCNCCC(=O)Nc1sc2c(c1-c1nc3ccc(-c4cccc(C(=O)N5CCN(C)CC5)c4)cc3s1)CCNC2,300.0
CHEMBL4534996,COCCNCCC(=O)Nc1sc2c(c1-c1nc3cc(-c4ccc(C)nc4)ccc3s1)CCNC2,300.0
CHEMBL4547562,COCCNCCC(=O)Nc1sc2c(c1-c1nc3cc(-c4ccnn4C)ccc3s1)CCNC2,300.0
CHEMBL4581234,COCCNCCC(=O)Nc1sc2c(c1-c1nc3ccc(-c4ccc(N5CCNCC5)nc4)cc3s1)CCNC2,300.0
CHEMBL4572454,CC(C)NCCC(=O)Nc1sc2c(c1-c1nc3cc(C(=O)Nc4ccccc4)ccc3s1)CCNC2,1000.0
CHEMBL4569863,COCCNCCC(=O)Nc1sc2c(c1-c1nc3ccccc3s1)C[C@@H](C)N[C@H]2C,300.0
CHEMBL4559993,COCCNCCC(=O)Nc1sc2c(c1-c1nc3ccccc3s1)C[C@H](C)N[C@@H]2C,300.0
CHEMBL4572241,COCCNCCC(=O)Nc1sc2c(c1-c1nc3ccccc3s1)C[C@H](C)N[C@H]2C,1000.0
CHEMBL4529732,COCCNCCC(=O)Nc1sc2c(c1-c1nc3ccccc3s1)C[C@@H](C)N[C@@H]2C,1000.0
CHEMBL4529641,CC(C)NCCC(=O)Nc1sc2c(c1-c1nc3cc(C(=O)Nc4cccnc4)ccc3s1)CCNC2,300.0
CHEMBL4580356,CC(C)NCCC(=O)Nc1sc2c(c1-c1nc3cc(C4=CCN(S(=O)(=O)N(C)C)CC4)ccc3s1)CCNC2,300.0
CHEMBL4522993,CSc1ccc2sc(-c3c(NC(=O)CCNC(C)C)sc4c3CCNC4)nc2c1,300.0
CHEMBL4542806,CC(C)NCCC(=O)Nc1sc2c(c1-c1nc3cc(S(C)(=O)=O)ccc3s1)CCNC2,300.0
CHEMBL4559765,CC(C)NCCC(=O)Nc1sc2c(c1-c1nc3cc(O)ccc3s1)CCNC2,300.0
CHEMBL4561398,CC(C)NCCC(=O)Nc1sc2c(c1-c1nc3c(-c4cnn(C)c4)cccc3s1)CCNC2,300.0
CHEMBL4551934,CC(C)NCCC(=O)Nc1sc2c(c1-c1nc3c(Br)cccc3s1)CCNC2,300.0
CHEMBL4555792,COCCNCCC(=O)Nc1sc2c(c1-c1nc3ccc(-c4ccncc4)cc3s1)C[C@@H](C)N[C@H]2C,300.0
CHEMBL4550728,COCCNCCC(=O)Nc1sc2c(c1-c1nc3ccc(-c4ccncc4)cc3s1)C[C@H](C)N[C@@H]2C,1000.0
CHEMBL4518350,COCCNCCC(=O)Nc1sc2c(c1-c1nc3ccc(-c4cccnc4)cc3s1)C[C@@H](C)N[C@H]2C,300.0
CHEMBL4557284,COCCNCCC(=O)Nc1sc2c(c1-c1nc3ccc(-c4cccnc4)cc3s1)C[C@H](C)N[C@@H]2C,1000.0
CHEMBL4553310,COCCNCCC(=O)Nc1sc2c(c1-c1nc3cc(-c4ccncc4)ccc3s1)C[C@@H](C)N[C@@H]2C,300.0
CHEMBL4581070,COCCNCCC(=O)Nc1sc2c(c1-c1nc3cc(-c4ccncc4)ccc3s1)C[C@@H](C)N[C@H]2C,300.0
CHEMBL4569778,COCCNCCC(=O)Nc1sc2c(c1-c1nc3cc(-c4ccncc4)ccc3s1)C[C@H](C)N[C@H]2C,1000.0
CHEMBL4566615,COCCNCCC(=O)Nc1sc2c(c1-c1nc3cc(-c4cccnc4)ccc3s1)C[C@@H](C)N[C@@H]2C,300.0
CHEMBL4587900,COCCNCCC(=O)Nc1sc2c(c1-c1nc3cc(-c4cccnc4)ccc3s1)C[C@@H](C)N[C@H]2C,300.0
CHEMBL4529211,COCCNCCC(=O)Nc1sc2c(c1-c1nc3cc(-c4cccnc4)ccc3s1)C[C@H](C)N[C@H]2C,1000.0
CHEMBL4564817,COCCNCCC(=O)Nc1sc2c(c1-c1nc3ccc(-c4cccnc4)cc3s1)C[C@@H](C)N[C@@H]2C,300.0
CHEMBL4519440,COCCNCCC(=O)Nc1sc2c(c1-c1nc3ccc(-c4cccnc4)cc3s1)C[C@H](C)N[C@H]2C,300.0
CHEMBL4581748,COCCNCCC(=O)Nc1sc2c(c1-c1nc3ccccc3s1)CCN[C@@H]2C,300.0
CHEMBL4522916,COCCNCCC(=O)Nc1sc2c(c1-c1nc3ccccc3s1)C[C@@H](C)NC2,1000.0
CHEMBL4553948,CC(C)NCCC(=O)Nc1sc2c(c1-c1nc3cc(C(C)O)ccc3s1)CCNC2,300.0
CHEMBL4583312,COCCNCCC(=O)Nc1sc2c(c1-c1nc3cc(-c4ccncc4)ccc3s1)C[C@H](C)N[C@@H]2C,10000.0
CHEMBL4573853,COCCNCCC(=O)Nc1sc2c(c1-c1nc3cc(-c4cccnc4)ccc3s1)C[C@H](C)N[C@@H]2C,1000.0
CHEMBL4551946,CC(C)NCCC(=O)Nc1sc2c(c1-c1nc3c(-c4cccnc4)cccc3s1)CCNC2,300.0
CHEMBL4547945,CC(C)NCCC(=O)Nc1sc2c(c1-c1nc3c(-c4ccncc4)cccc3s1)CCNC2,300.0
CHEMBL4534807,CC[C@@H]1Cc2c(sc(NC(=O)CCNCCOC)c2-c2nc3ccccc3s2)[C@H](CC)N1,300.0
CHEMBL4591259,CC[C@H]1Cc2c(sc(NC(=O)CCNCCOC)c2-c2nc3ccccc3s2)[C@@H](CC)N1,10000.0
CHEMBL4528792,COCCNCCC(=O)Nc1sc2c(c1-c1nc3ccccc3s1)C[C@H](C)NC2,300.0
CHEMBL4545081,CCCNCCC(=O)Nc1sc2c(c1-c1nc3ccccc3s1)CCN(C(C)C)C2,300.0
CHEMBL4533570,CCNCCC(=O)Nc1sc2c(c1-c1nc3ccccc3s1)CCN(C(C)C)C2,300.0
CHEMBL4526886,CC(C)N1CCc2c(sc(NC(=O)CCN3CCC3)c2-c2nc3ccccc3s2)C1,300.0
CHEMBL4522328,CC(C)N1CCc2c(sc(NC(=O)CCNC3CCCC3)c2-c2nc3ccccc3s2)C1,300.0
CHEMBL4567149,CSc1cccc2sc(-c3c(NC(=O)CCNC(C)C)sc4c3CCNC4)nc12,300.0
CHEMBL4553072,COCCNCCC(=O)Nc1sc2c(c1-c1nc3cc(F)ccc3s1)C[C@@H](C)N[C@@H]2C,300.0
CHEMBL4579884,COCCNCCC(=O)Nc1sc2c(c1-c1nc3cc(F)ccc3s1)C[C@@H](C)N[C@H]2C,300.0
CHEMBL4541919,COCCNCCC(=O)Nc1sc2c(c1-c1nc3cc(F)ccc3s1)C[C@H](C)N[C@H]2C,10000.0
CHEMBL4515589,COCCNCCC(=O)Nc1sc2c(c1-c1nc3cc(F)ccc3s1)C[C@H](C)N[C@@H]2C,1000.0
CHEMBL4519111,COCCNCCC(=O)Nc1sc2c(c1-c1nc3cc(-c4ccncc4)ccc3s1)CCN[C@H]2C,300.0
CHEMBL4541582,COCCNCCC(=O)Nc1sc2c(c1-c1nc3cc(-c4ccncc4)ccc3s1)C[C@@H](C)NC2,300.0
CHEMBL4577712,COCCNCCC(=O)Nc1sc2c(c1-c1nc3cc(C(F)(F)F)ccc3s1)C[C@@H](C)NC2,300.0
CHEMBL4585081,COCCNCCC(=O)Nc1sc2c(c1-c1nc3cc(C(F)(F)F)ccc3s1)C[C@H](C)NC2,300.0
CHEMBL4535924,CC(C)CNCCC(=O)Nc1sc2c(c1-c1nc3ccccc3s1)CCN(C(C)C)C2,300.0
CHEMBL4573777,CC(C)NCCC(=O)Nc1sc2c(c1-c1nc3c(S(C)(=O)=O)cccc3s1)CCNC2,300.0
CHEMBL4565030,CC(=O)Nc1cccc2sc(-c3c(NC(=O)CCNC(C)C)sc4c3CCNC4)nc12,300.0
CHEMBL4593183,CCC(C)NCCC(=O)Nc1sc2c(c1-c1nc3cc4c(cc3s1)OCO4)CCNC2,300.0
CHEMBL4587242,COCCNCCC(=O)Nc1sc2c(c1-c1nc3cc4c(cc3s1)OCO4)CCNC2,300.0
CHEMBL4518885,COCCNCCC(=O)Nc1sc2c(c1-c1nc3cc(F)ccc3s1)CCN[C@@H]2C,300.0
CHEMBL4537380,COCCNCCC(=O)Nc1sc2c(c1-c1nc3cc(F)ccc3s1)C[C@@H](C)NC2,300.0
CHEMBL4529277,COCCNCCC(=O)Nc1sc2c(c1-c1nc3c(Br)cccc3s1)CCNC2,300.0
CHEMBL4544584,CC(C)NCCC(=O)Nc1sc2c(c1-c1nc3c(NC(=O)c4ccccc4)cccc3s1)CCNC2,1000.0
CHEMBL4583211,O=C(C[C@@H]1CCCN1)Nc1sc2c(c1-c1nc3ccccc3s1)CCNC2,1000.0
CHEMBL4554002,O=C(C[C@H]1CCCN1)Nc1sc2c(c1-c1nc3ccccc3s1)CCNC2,300.0
CHEMBL4519277,CCC(C)NCCC(=O)Nc1sc2c(c1-c1nc3cc4c(cc3s1)OCO4)CCN(C(C)C)C2,300.0
CHEMBL4483527,COCCNCCC(=O)Nc1sc2c(c1-c1nc3cc(-c4cnn(C)c4)ccc3s1)C[C@@H](C)N[C@@H]2C,300.0
CHEMBL4577279,COCCNCCC(=O)Nc1sc2c(c1-c1nc3cc(-c4cnn(C)c4)ccc3s1)C[C@@H](C)N[C@H]2C,300.0
CHEMBL4483623,COCCNCCC(=O)Nc1sc2c(c1-c1nc3cc(-c4cnn(C)c4)ccc3s1)C[C@H](C)N[C@H]2C,1000.0
CHEMBL4518125,COCCNCCC(=O)Nc1sc2c(c1-c1nc3cc(-c4cnn(C)c4)ccc3s1)C[C@H](C)N[C@@H]2C,1000.0
CHEMBL4547153,COCCNCCC(=O)Nc1sc2c(c1-c1nc3c(C#N)cccc3s1)CCNC2,300.0
CHEMBL4565524,COCCNCCC(=O)Nc1sc2c(c1-c1nc3cc(-c4ccncc4)ccc3s1)CCN[C@@H]2C,1000.0
CHEMBL4563071,COCCNCCC(=O)Nc1sc2c(c1-c1nc3cc(F)ccc3s1)CCN[C@H]2C,1000.0
CHEMBL4580939,COCCNCCC(=O)Nc1sc2c(c1-c1nc3cc(F)ccc3s1)C[C@H](C)NC2,300.0
CHEMBL4579907,CCN(C)CCC(=O)Nc1sc2c(c1-c1nc3ccccc3s1)CCN(C(C)C)C2,300.0
CHEMBL4583462,O=C(CCN[C@@H]1C[C@H]2CNC[C@H]2C1)Nc1sc2c(c1-c1nc3ccccc3s1)CCNC2,300.0
CHEMBL4513466,CC[C@@H](C)NCCC(=O)Nc1sc2c(c1-c1nc3cc(C(F)(F)F)ccc3s1)CCN(C(C)C)C2,300.0
CHEMBL4558417,COCCNCCC(=O)Nc1sc2c(c1-c1nc3cc(C(F)(F)F)ccc3s1)CCN(C(C)C)C2,300.0
CHEMBL4575222,CCC(C)NCCC(=O)Nc1sc2c(c1-c1nc3cc(C)c(C)cc3s1)CCNC2,300.0
CHEMBL4592337,CCCN(C)CCC(=O)Nc1sc2c(c1-c1nc3ccccc3s1)CCN(C(C)C)C2,10000.0
CHEMBL4526959,CC[C@H](C)NCCC(=O)Nc1sc2c(c1-c1nc3cc(C(F)(F)F)ccc3s1)CCN(C(C)C)C2,300.0
CHEMBL4562871,CC[C@H](C)NCCC(=O)Nc1sc2c(c1-c1nc3cc(-c4ccncc4)ccc3s1)CCNC2,300.0
CHEMBL4581090,CC(C)NCCC(=O)Nc1sc2c(c1-c1nc3cc(C4CC4)ccc3s1)CCNC2,300.0
CHEMBL4549257,CC(C)NCCC(=O)Nc1sc2c(c1-c1nc3cc(NS(C)(=O)=O)ccc3s1)CCNC2,300.0
CHEMBL4574377,COCCNCCC(=O)Nc1sc2c(c1-c1nc3c(NS(C)(=O)=O)cccc3s1)CCNC2,1000.0
CHEMBL4520957,C=Cc1cccc2sc(-c3c(NC(=O)CCNCCOC)sc4c3CCNC4)nc12.O=C(O)C(F)(F)F.O=C(O)C(F)(F)F,300.0
CHEMBL4592802,COCCNCCC(=O)Nc1sc2c(c1-c1nc3cc(C(F)(F)F)ccc3s1)C[C@@H](C)N[C@@H]2C,300.0
CHEMBL4566946,COCCNCCC(=O)Nc1sc2c(c1-c1nc3cc(C(F)(F)F)ccc3s1)C[C@@H](C)N[C@H]2C,300.0
CHEMBL4538769,COCCNCCC(=O)Nc1sc2c(c1-c1nc3cc(C(F)(F)F)ccc3s1)C[C@H](C)N[C@H]2C,10000.0
CHEMBL4513997,COCCNCCC(=O)Nc1sc2c(c1-c1nc3cc(C(F)(F)F)ccc3s1)C[C@H](C)N[C@@H]2C,10000.0
CHEMBL4533917,CC[C@H](C)NCCC(=O)Nc1sc2c(c1-c1nc3cc(-c4ccncc4)ccc3s1)CCN(CC)C2,300.0
CHEMBL4549979,CC[C@H](C)NCCC(=O)Nc1sc2c(c1-c1nc3cc(-c4ccncc4)ccc3s1)C[C@@H](C)NC2,300.0
CHEMBL4573407,CC[C@H](C)NCCC(=O)Nc1sc2c(c1-c1nc3cc(-c4ccncc4)ccc3s1)CCN[C@@H]2C,300.0
CHEMBL4563687,CC(C)(C)OC(=O)N1CCc2c(sc(NC(=O)CCNCCOCCOCCOCCOCCOCCOCCC(=O)O)c2-c2nc3ccccc3s2)C1,10000.0
CHEMBL4559672,COCCNCCC(=O)Nc1sc2c(c1-c1nc3c(-n4cnc(C)c4)cccc3s1)CCNC2.Cl.Cl.Cl,300.0
CHEMBL4548191,COCCNCCC(=O)Nc1sc2c(c1-c1nc3c(N4CCOCC4)cccc3s1)CCNC2.Cl,10000.0
CHEMBL4557392,COCCNCCC(=O)Nc1sc2c(c1-c1nc3cc(OC4CCOCC4)ccc3s1)CCNC2,300.0
CHEMBL4551851,CC[C@H](C)NCCC(=O)Nc1sc2c(c1-c1nc3cc(-c4ccncc4)ccc3s1)CCN(C1CCC1)C2,300.0
CHEMBL4566904,CC[C@H](C)NCCC(=O)Nc1sc2c(c1-c1nc3ccccc3s1)CCN(C1CC1)C2,10000.0
CHEMBL4582257,COCCNCCC(=O)Nc1sc2c(c1-c1nc3c(-n4ccnc4C)cccc3s1)CCNC2,300.0
CHEMBL4550985,COCCNCCC(=O)Nc1sc2c(c1-c1nc3c(CO)cccc3s1)CCNC2,300.0
CHEMBL4536261,CCc1cccc2sc(-c3c(NC(=O)CCNCCOC)sc4c3CCNC4)nc12,300.0
CHEMBL4567415,COCCNCCC(=O)Nc1sc2c(c1-c1nc3c(NC4COC4)cccc3s1)CCNC2,300.0
CHEMBL4580530,Cc1cc(-c2ccc3sc(-c4c(NC(=O)CCNC(C)C)sc5c4CCNC5)nc3c2)cc(C)n1,10000.0
CHEMBL4534981,CCN(CC)CCC(=O)Nc1sc2c(c1-c1nc3ccccc3s1)CCNC2,300.0
CHEMBL4573017,O=C(CCNC1C2CC1C2)Nc1sc2c(c1-c1nc3ccccc3s1)CCNC2,1000.0
CHEMBL4534652,O=C(CCNC1CC1)Nc1sc2c(c1-c1nc3ccccc3s1)CCNC2,300.0
CHEMBL4584675,O=C(CCN1CCOCC1)Nc1sc2c(c1-c1nc3ccccc3s1)CCNC2,1000.0
CHEMBL4554890,O=C(CCN[C@@H]1C[C@H]2CNC[C@H]2C1)Nc1sc2c(c1-c1nc3cc(-c4ccncc4)ccc3s1)CCNC2,300.0
CHEMBL4549524,CCC(C)NCCC(=O)[15NH]c1sc2c(c1-c1nc3ccccc3s1)CCNC2,300.0
CHEMBL4557739,CC(C)NCCC(=O)Nc1sc2c(c1-c1nc3cc(Sc4ccccc4)ccc3s1)CCNC2,10000.0
CHEMBL4545040,CC(C)NCCC(=O)Nc1sc2c(c1-c1nc3cc(S(=O)(=O)c4ccccc4)ccc3s1)CCNC2,300.0
CHEMBL4560685,COCCNCCC(=O)Nc1sc2c(c1-c1nc3c(C(F)(F)F)cccc3s1)CCNC2,300.0
CHEMBL4558358,COCCNCCC(=O)Nc1sc2c(c1-c1nc3c(Nc4ccccc4)cccc3s1)CCNC2,10000.0
CHEMBL4574094,COCCNCCC(=O)Nc1sc2c(c1-c1nc3c(OC)cccc3s1)CCNC2.Cl.Cl,1000.0
CHEMBL4532005,CC(C)NCCC(=O)Nc1sc2c(c1-c1nc3cc(SC4CCCC4)ccc3s1)CCNC2,10000.0
CHEMBL4581011,CC(C)NCCC(=O)Nc1sc2c(c1-c1nc3cc(S(=O)(=O)C4CCCC4)ccc3s1)CCNC2,300.0
CHEMBL4555338,CC(C)NCCC(=O)Nc1sc2c(c1-c1nc3cc(Sc4ccccn4)ccc3s1)CCNC2,1000.0
CHEMBL4545620,COCCNCCC(=O)Nc1sc2c(c1-c1nc3c(N4CC(O)C4)cccc3s1)CCNC2,300.0
CHEMBL4544515,CC[C@H](C)NCCC(=O)Nc1sc2c(c1-c1nc3cc(-c4ccncc4)ccc3s1)CCN(C1CC1)C2,300.0
CHEMBL4560534,CC[C@H](C)NCCC(=O)Nc1sc2c(c1-c1nc3ccccc3s1)CCN(C1CC(F)(F)C1)C2,1000.0
CHEMBL4534043,CC[C@H](C)NCCC(=O)Nc1sc2c(c1-c1nc3ccccc3s1)C[C@@H](C)N[C@H]2C,1000.0
CHEMBL4553036,CC[C@H](C)NCCC(=O)Nc1sc2c(c1-c1nc3ccccc3s1)C[C@H](C)N[C@H]2C,10000.0
CHEMBL4581138,CCOC(=O)CCOCCOCCOCCOCCOCCOCCNCCC(=O)Nc1sc2c(c1-c1nc3ccccc3s1)CCNC2,300.0
CHEMBL4531975,O=C(O)CCOCCOCCOCCOCCOCCOCCNCCC(=O)Nc1sc2c(c1-c1nc3ccccc3s1)CCNC2,300.0
CHEMBL4575529,CC[C@H](C)NCCC(=O)Nc1sc2c(c1-c1nc3ccccc3s1)C[C@H](C)N[C@@H]2C,300.0
CHEMBL4574327,COCCNCCC(=O)Nc1sc2c(c1-c1nc3c(N4CCCC4)cccc3s1)CCNC2,300.0
CHEMBL1617574,CC(=O)Nc1sc2c(c1-c1nc3ccccc3s1)CCN(C(C)C)C2,300.0
CHEMBL4587579,CCN1CCc2c(sc(NC(C)=O)c2-c2nc3ccccc3s2)C1,1000.0
CHEMBL1721230,CC(=O)Nc1sc2c(c1-c1nc3ccccc3s1)CCNC2,1000.0
CHEMBL4580557,CC(=O)Nc1sc2c(c1-c1nc3cc(F)ccc3s1)CCNC2,1000.0
CHEMBL4525932,CC(=O)Nc1sc2c(c1-c1nc3cc(C(F)(F)F)ccc3s1)CCNC2,1000.0
CHEMBL4576590,CC(=O)Nc1sc2c(c1-c1nc3ccccc3s1)C(C)CNC2,10000.0
CHEMBL4586648,CC(=O)Nc1sc2c(c1-c1nc3ccccc3s1)C[C@@H](C)N[C@H]2C,1000.0
CHEMBL4563757,CC(=O)Nc1sc2c(c1-c1nc3ccccc3s1)[C@H](C)CN(C(C)C)C2,1000.0
CHEMBL4543702,CC(=O)Nc1sc2c(c1-c1nc3ccccc3s1)[C@@H](C)CN(C(C)C)C2,1000.0
CHEMBL4551295,CC(=O)Nc1sc2c(c1-c1nc3ccccc3s1)CC(C)NC2,1000.0
CHEMBL4587039,CC(=O)Nc1sc2c(c1-c1nc3ccccc3s1)CCNC2C,1000.0
CHEMBL4526989,CCN1[C@H](C)Cc2c(sc(NC(C)=O)c2-c2nc3ccccc3s2)[C@@H]1C,1000.0
CHEMBL4515965,CC(=O)Nc1sc2c(c1-c1nc3ccccc3s1)C(C)CCNC2,10000.0
CHEMBL4519464,CC(=O)Nc1sc2c(c1-c1nc3ccccc3s1)C(C)CCN(C(C)C)C2,10000.0
CHEMBL4551074,CC(=O)Nc1sc2c(c1-c1nc3ccccc3s1)CCNC2C(F)(F)F,10000.0
CHEMBL4543516,CC(=O)Nc1sc2c(c1-c1nc3ccccc3s1)CC(C(F)(F)F)NC2,10000.0
CHEMBL4572412,CC(=O)Nc1sc2c(c1-c1nc3ccccc3s1)CCN(C(C)C)C2C,10000.0
CHEMBL4589026,CC(=O)Nc1sc2c(c1-c1nc3ccccc3s1)C(F)CNC2,10000.0
CHEMBL4537448,CC(=O)Nc1sc2c(c1-c1nc3ccccc3s1)C[C@H](C)N[C@@H]2C,1000.0
CHEMBL4530190,CC(=O)Nc1sc2c(c1-c1nc3ccccc3s1)C(F)CN(C(C)C)C2,1000.0
CHEMBL4542917,CC(=O)Nc1sc2c(c1-c1nc3ccccc3s1)CCC(N)C2,10000.0
CHEMBL4515733,CC(=O)Nc1sc2c(c1-c1nc3ccccc3s1)CCC(NC(C)=O)C2,10000.0
CHEMBL4517334,CC(=O)Nc1sc2c(c1-c1nc3ccccc3s1)CCC(N(C)C)C2,1000.0
CHEMBL4531338,CC(=O)Nc1sc2c(c1-c1nc3ccc(C)cc3s1)CCNC2,300.0
CHEMBL4529832,CC(=O)Nc1sc2c(c1-c1nc3c(C)cccc3s1)CCNC2,300.0
CHEMBL4521956,CC(=O)Nc1sc2c(c1-c1nc3ccccc3s1)CCC(NCc1ccncc1)C2,10000.0
CHEMBL4515028,CC(=O)Nc1sc2c(c1-c1nc3ccccc3s1)CCC(NC1CCNCC1)C2,10000.0
CHEMBL4569964,CC(=O)Nc1sc2c(c1-c1nc3ccccc3s1)CCC(NC1CCN(C(=O)OC(C)(C)C)CC1)C2,10000.0
CHEMBL4584153,COC(=O)c1ccc2sc(-c3c(NC(C)=O)sc4c3CCNC4)nc2c1,300.0
CHEMBL4526359,CC(=O)Nc1sc2c(c1-c1nc3cc(N(C)C)ccc3s1)CCNC2,1000.0
CHEMBL4519221,CC(=O)Nc1sc2c(c1-c1nc3ccccc3s1)CCC(NC1CCOCC1)C2,1000.0
CHEMBL4576438,CC(=O)N(C)c1sc2c(c1-c1nc3ccccc3s1)CCNC2,10000.0
CHEMBL4582419,CC(=O)Nc1sc2c(c1-c1nc3cc(-c4cnn(C)c4)ccc3s1)CCNC2,300.0
CHEMBL4545782,CC(=O)Nc1sc2c(c1-c1nc3ccc(-c4cnn(C)c4)cc3s1)CCNC2,300.0
CHEMBL4550792,CC(=O)Nc1sc2c(c1-c1nc3cc(-c4ccncc4)ccc3s1)CCNC2,300.0
CHEMBL4570302,CC(=O)Nc1sc2c(c1-c1nc3cc4c(cc3s1)OCO4)CCN(C(C)C)C2,300.0
CHEMBL4526030,CC(=O)Nc1sc2c(c1-c1nc3cc4c(cc3s1)OCO4)CCNC2,1000.0
CHEMBL4561150,CCN1[C@H](C)Cc2c(sc(NC(C)=O)c2-c2nc3cnccc3s2)[C@@H]1C,25000.0
CHEMBL4526760,CCN1[C@H](C)c2sc(NC(C)=O)c(-c3nc4cnccc4s3)c2C[C@@H]1C,500.0
CHEMBL4513290,COCCNCCC(=O)Nc1sc2c(c1-c1nc3cncnc3s1)CCNC2,25000.0
CHEMBL4577597,CCC(C)NCCC(=O)[15NH]c1sc2c(c1-c1nc3cnccc3s1)CCNC2,500.0
CHEMBL4573223,C[C@@H]1Cc2c(sc(NC(=O)CCN[C@@H]3C[C@H]4CNC[C@H]4C3)c2-c2nc3cnccc3s2)CN1,500.0
CHEMBL4583285,C[C@H]1NCCc2c1sc(NC(=O)CCN[C@@H]1C[C@H]3CNC[C@H]3C1)c2-c1nc2cnccc2s1,500.0
CHEMBL4587852,C[15NH]CCC(=O)Nc1sc2c(c1-c1nc3cnccc3s1)CCNC2,500.0
CHEMBL4528655,C[C@H]1Cc2c(sc(NC(=O)CCN[C@@H]3C[C@H]4CNC[C@H]4C3)c2-c2nc3cnccc3s2)CN1,5000.0
CHEMBL4582897,C[C@@H]1NCCc2c1sc(NC(=O)CCN[C@@H]1C[C@H]3CNC[C@H]3C1)c2-c1nc2cnccc2s1,500.0
CHEMBL4529942,COCCNCCC(=O)Nc1sc2c(c1-c1nc3c(C(F)F)nc(C)cc3s1)CCNC2,500.0
CHEMBL4559634,COCCNCCC(=O)Nc1sc2c(c1-c1nc3cnc(C)cc3s1)CCNC2,500.0
CHEMBL4514141,COCCNCCC(=O)Nc1sc2c(c1-c1nc3cnc(Cl)cc3s1)CCNC2,500.0
CHEMBL4557923,CC[C@H](C)NCCC(=O)Nc1sc2c(c1-c1nc3cnccc3s1)CCN[C@@H]2C,500.0
CHEMBL4580891,CC[C@H](C)NCCC(=O)Nc1sc2c(c1-c1nc3cnccc3s1)CN[C@H](C)C2,500.0
CHEMBL4564113,CC[C@H](C)NCCC(=O)Nc1sc2c(c1-c1nc3cnccc3s1)C[C@H](C)NC2,500.0
CHEMBL4534806,CC[C@H](C)NCCC(=O)Nc1sc2c(c1-c1nc3cnccc3s1)CCN(C(C)C)C2,500.0
CHEMBL4527559,CC[C@H](C)NCCC(=O)Nc1sc2c(c1-c1nc3cnccc3s1)CCN(CC)C2,500.0
CHEMBL4514205,CC(=O)Nc1sc2c(c1-c1nc3cnccc3s1)C[C@@H](C)N[C@H]2C,500.0
CHEMBL4549255,CC(=O)Nc1sc2c(c1-c1nc3cnccc3s1)C[C@H](C)N[C@@H]2C,500.0
CHEMBL4525538,CCN1[C@H](C)Cc2c(sc(NC(C)=O)c2-c2nc3c(C(F)F)nccc3s2)[C@H]1C,500.0
CHEMBL4542141,CC[C@H](C)NCCC(=O)Nc1sc2c(c1-c1nc3cnccc3s1)CCN[C@H]2C,500.0
CHEMBL4565459,CC[C@H](C)N(CCC(=O)Nc1sc2c(c1-c1nc3cnccc3s1)CCNC2)Cc1ccccc1.Cl,5000.0
CHEMBL4539270,CCN1CCc2c(sc(NC(C)=O)c2-c2nc3cnccc3s2)[C@@H]1C,500.0
CHEMBL4576429,CCN1Cc2sc(NC(C)=O)c(-c3nc4cnccc4s3)c2C[C@@H]1C,500.0
CHEMBL4565585,CCN1Cc2sc(NC(C)=O)c(-c3nc4cnccc4s3)c2C[C@H]1C,500.0
CHEMBL4525434,CCN1CCc2c(sc(NC(C)=O)c2-c2nc3cnccc3s2)[C@H]1C,5000.0
CHEMBL4561721,CC(=O)Nc1sc2c(c1-c1nc3c(C)nc(C)cc3s1)CCNC2.Cl,500.0
CHEMBL4531882,COCCNCCC(=O)Nc1sc2c(c1-c1nc3c(C)nc(C)cc3s1)CCNC2.Cl.Cl,500.0
CHEMBL4529899,CC[C@H](C)NCCC(=O)Nc1sc2c(c1-c1nc3c(C(F)F)nccc3s1)CCNC2,500.0
CHEMBL4581520,Cc1cc2sc(-c3c(NC(=O)CCNC(C)C)sc4c3CCNC4)nc2c(C)n1.Cl.Cl,500.0
CHEMBL4578139,CNCCC(=O)Nc1sc2c(c1-c1nc3cnccc3s1)CCNC2,500.0
CHEMBL4556366,O=C(CCNC1CNC1)Nc1sc2c(c1-c1nc3cnccc3s1)CCNC2,500.0
CHEMBL4538933,O=C(CCNC1CCC1)Nc1sc2c(c1-c1nc3cnccc3s1)CCNC2,500.0
CHEMBL4533975,O=C(CCNC1CC1)Nc1sc2c(c1-c1nc3cnccc3s1)CCNC2,500.0
CHEMBL4538412,CC(C)NCCC(=O)Nc1sc2c(c1-c1nc3cnccc3s1)CCNC2.Cl.Cl,500.0
CHEMBL4548431,CN(C)CCC(=O)Nc1sc2c(c1-c1nc3cnccc3s1)CCNC2,500.0
CHEMBL4571476,O=C(CCNCCc1cccnc1)Nc1sc2c(c1-c1nc3cnccc3s1)CCNC2,500.0
CHEMBL4541047,CC[C@@H](C)NCCC(=O)Nc1sc2c(c1-c1nc3cnccc3s1)CCNC2,500.0
CHEMBL4586854,COCCNCCC(=O)Nc1sc2c(c1-c1nc3cnccc3s1)CCNC2,500.0
CHEMBL4546263,O=C(CCNCc1ncc[nH]1)Nc1sc2c(c1-c1nc3cnccc3s1)CCNC2,500.0
CHEMBL4542300,CN(CCC(=O)Nc1sc2c(c1-c1nc3cnccc3s1)CCNC2)Cc1ccc2[nH]ccc2c1,500.0
CHEMBL4588803,O=C(CCN1CCC2COCC2C1)Nc1sc2c(c1-c1nc3cnccc3s1)CCNC2,500.0
CHEMBL4555898,O=C(CCNCc1cnc2ccccn12)Nc1sc2c(c1-c1nc3cnccc3s1)CCNC2,5000.0
CHEMBL4571854,O=C(CCN[C@H]1[C@@H]2CNC[C@@H]21)Nc1sc2c(c1-c1nc3cnccc3s1)CCNC2,500.0
CHEMBL4524553,O=C(CCNCC1(O)CC1)Nc1sc2c(c1-c1nc3cnccc3s1)CCNC2,500.0
CHEMBL4565380,O=C(CCNCc1noc2c1CNCC2)Nc1sc2c(c1-c1nc3cnccc3s1)CCNC2,500.0
CHEMBL4483528,O=C(CCN1CCC2OCCC2C1)Nc1sc2c(c1-c1nc3cnccc3s1)CCNC2,500.0
CHEMBL4552502,O=C(CCNC[C@H]1CC2(CCNCC2)CO1)Nc1sc2c(c1-c1nc3cnccc3s1)CCNC2,500.0
CHEMBL4559884,O=C(CCN1CCCC12CNC2)Nc1sc2c(c1-c1nc3cnccc3s1)CCNC2,500.0
CHEMBL4575124,CN(CCC(=O)Nc1sc2c(c1-c1nc3cnccc3s1)CCNC2)Cc1nc2ccccc2s1,5000.0
CHEMBL4531322,O=C(CCN[C@H]1CC[C@@H](O)C1)Nc1sc2c(c1-c1nc3cnccc3s1)CCNC2,500.0
CHEMBL4583063,Cn1cncc1CNCCC(=O)Nc1sc2c(c1-c1nc3cnccc3s1)CCNC2,500.0
CHEMBL4580160,NC(=O)C1(CNCCC(=O)Nc2sc3c(c2-c2nc4cnccc4s2)CCNC3)CCOCC1,500.0
CHEMBL4566984,CC(NCCC(=O)Nc1sc2c(c1-c1nc3cnccc3s1)CCNC2)c1ncc[nH]1,500.0
CHEMBL4575923,O=C(CCNCc1[nH]nc2c1CNC2)Nc1sc2c(c1-c1nc3cnccc3s1)CCNC2,500.0
CHEMBL4529911,Cc1cccc2c1CCN(CCC(=O)Nc1sc3c(c1-c1nc4cnccc4s1)CCNC3)C2,500.0
CHEMBL4551355,O=C(CCN1CCn2nccc2C1)Nc1sc2c(c1-c1nc3cnccc3s1)CCNC2,500.0
CHEMBL4545961,CC(NCCC(=O)Nc1sc2c(c1-c1nc3cnccc3s1)CCNC2)c1nc2ccccc2[nH]1,5000.0
CHEMBL4592135,CC1(C#N)CN(CCC(=O)Nc2sc3c(c2-c2nc4cnccc4s2)CCNC3)C1,500.0
CHEMBL4547640,NC1CC(NCCC(=O)Nc2sc3c(c2-c2nc4cnccc4s2)CCNC3)C1,500.0
CHEMBL4562205,O=C(CCN1CC(F)(F)C1)Nc1sc2c(c1-c1nc3cnccc3s1)CCNC2,500.0
CHEMBL4574289,O=C(CCNCCN1CCNCC1)Nc1sc2c(c1-c1nc3cnccc3s1)CCNC2,500.0
CHEMBL4540483,C[C@@H](NCCC(=O)Nc1sc2c(c1-c1nc3cnccc3s1)CCNC2)c1cnc2ccccn12,500.0
CHEMBL4515282,Cc1cc(CNCCC(=O)Nc2sc3c(c2-c2nc4cnccc4s2)CCNC3)no1,500.0
CHEMBL4549603,CN(CCCn1ccnc1)CCC(=O)Nc1sc2c(c1-c1nc3cnccc3s1)CCNC2,500.0
CHEMBL4563231,O=C(CCNCC1CCOCC1)Nc1sc2c(c1-c1nc3cnccc3s1)CCNC2,500.0
CHEMBL4534296,O=C(CCNCC1CCNC1)Nc1sc2c(c1-c1nc3cnccc3s1)CCNC2,500.0
CHEMBL4569095,N[C@@H]1[C@H]2CN(CCC(=O)Nc3sc4c(c3-c3nc5cnccc5s3)CCNC4)C[C@@H]12,500.0
CHEMBL4561266,Cc1ncc(CNCCC(=O)Nc2sc3c(c2-c2nc4cnccc4s2)CCNC3)s1,500.0
CHEMBL4555022,Cc1ccc(CNCCC(=O)Nc2sc3c(c2-c2nc4cnccc4s2)CCNC3)s1,500.0
CHEMBL4531480,O=C(CC[N+]12CCN(CC1)CC2)Nc1sc2c(c1-c1nc3cnccc3s1)CCNC2,500.0
CHEMBL4527735,O=C(CCN1CCCCC12CNC2)Nc1sc2c(c1-c1nc3cnccc3s1)CCNC2,500.0
CHEMBL4536903,Cc1nc(CN(C)CCC(=O)Nc2sc3c(c2-c2nc4cnccc4s2)CCNC3)no1,500.0
CHEMBL4516617,O=C(CCNCc1ncon1)Nc1sc2c(c1-c1nc3cnccc3s1)CCNC2,500.0
CHEMBL4549708,Cc1nc(CNCCC(=O)Nc2sc3c(c2-c2nc4cnccc4s2)CCNC3)no1,500.0
CHEMBL4570186,CC(C)c1nc(CNCCC(=O)Nc2sc3c(c2-c2nc4cnccc4s2)CCNC3)no1,500.0
CHEMBL4549925,O=C(CCN1CCc2[nH]ncc2C1)Nc1sc2c(c1-c1nc3cnccc3s1)CCNC2,500.0
CHEMBL4572237,O=C(CCN[C@H]1CC[C@]2(CCC(=O)N2)CC1)Nc1sc2c(c1-c1nc3cnccc3s1)CCNC2,500.0
CHEMBL4559038,O=C(CCN[C@H]1CC[C@H](O)C1)Nc1sc2c(c1-c1nc3cnccc3s1)CCNC2,500.0
CHEMBL4571613,O=C(CCNCC1CCCC1)Nc1sc2c(c1-c1nc3cnccc3s1)CCNC2,500.0
CHEMBL4553995,O=C(CCNCC12CC(CN1)C2)Nc1sc2c(c1-c1nc3cnccc3s1)CCNC2,500.0
CHEMBL4559613,O=C(CCN[C@@H]1C2CCC1NC2)Nc1sc2c(c1-c1nc3cnccc3s1)CCNC2,500.0
CHEMBL4526881,O=C(CCN1CC(C(=O)O)C1)Nc1sc2c(c1-c1nc3cnccc3s1)CCNC2,500.0
CHEMBL4515569,Cc1ccsc1CNCCC(=O)Nc1sc2c(c1-c1nc3cnccc3s1)CCNC2,500.0
CHEMBL4528924,O=C(CCN1CCCOCC1)Nc1sc2c(c1-c1nc3cnccc3s1)CCNC2,500.0
CHEMBL4561651,COCC1CCCN1CCC(=O)Nc1sc2c(c1-c1nc3cnccc3s1)CCNC2,500.0
CHEMBL4536849,COC(=O)CCCNCCC(=O)Nc1sc2c(c1-c1nc3cnccc3s1)CCNC2,500.0
CHEMBL4548923,O=C(CCNC1CC(O)C1)Nc1sc2c(c1-c1nc3cnccc3s1)CCNC2,500.0
CHEMBL4565339,O=C(CCNCc1ccn[nH]1)Nc1sc2c(c1-c1nc3cnccc3s1)CCNC2,500.0
CHEMBL4483540,O=C(CCNC1CCNCC1)Nc1sc2c(c1-c1nc3cnccc3s1)CCNC2,500.0
CHEMBL4572608,CC1(C)CCCN1CCC(=O)Nc1sc2c(c1-c1nc3cnccc3s1)CCNC2,500.0
CHEMBL4520270,O=C(CCN1CC2CCC(C1)O2)Nc1sc2c(c1-c1nc3cnccc3s1)CCNC2,500.0
CHEMBL4520924,CN1CCN(CCC(=O)Nc2sc3c(c2-c2nc4cnccc4s2)CCNC3)CC1=O,500.0
CHEMBL4538062,CN(C)C1CN(CCC(=O)Nc2sc3c(c2-c2nc4cnccc4s2)CCNC3)C1,500.0
CHEMBL4591087,O=C(CCNCc1cscn1)Nc1sc2c(c1-c1nc3cnccc3s1)CCNC2,500.0
CHEMBL4514347,Cc1nc(C)c(CNCCC(=O)Nc2sc3c(c2-c2nc4cnccc4s2)CCNC3)s1,500.0
CHEMBL4517666,O=C(CCNCCN1CCCCC1=O)Nc1sc2c(c1-c1nc3cnccc3s1)CCNC2,500.0
CHEMBL4535826,CN(CCC(=O)Nc1sc2c(c1-c1nc3cnccc3s1)CCNC2)Cc1cnc(Cl)s1,500.0
CHEMBL4571546,Cc1cc(CC(C)NCCC(=O)Nc2sc3c(c2-c2nc4cnccc4s2)CCNC3)on1,500.0
CHEMBL4553463,O=C(CCN1CC[C@@H]2NCC[C@@H]21)Nc1sc2c(c1-c1nc3cnccc3s1)CCNC2,500.0
CHEMBL4586150,O=C(CCN1C[C@H]2CN[C@H]2C1)Nc1sc2c(c1-c1nc3cnccc3s1)CCNC2,500.0
CHEMBL4541073,O=C(CCN[C@@H]1C[C@H]2CNC[C@H]2C1)Nc1sc2c(c1-c1nc3cnccc3s1)CCNC2,500.0
CHEMBL4557761,COCC1CCCCN1CCC(=O)Nc1sc2c(c1-c1nc3cnccc3s1)CCNC2,500.0
CHEMBL4557056,COC1(C)CCN(CCC(=O)Nc2sc3c(c2-c2nc4cnccc4s2)CCNC3)CC1,500.0
CHEMBL4580157,CN(C)[C@H]1CCN(CCC(=O)Nc2sc3c(c2-c2nc4cnccc4s2)CCNC3)C1,500.0
CHEMBL4547012,O=C(CCN1CCC(OC2CCC2)CC1)Nc1sc2c(c1-c1nc3cnccc3s1)CCNC2,500.0
CHEMBL4543284,O=C(CCN[C@H]1COC[C@@H]1O)Nc1sc2c(c1-c1nc3cnccc3s1)CCNC2,500.0
CHEMBL4588706,O=C(CCNC1CCOC1)Nc1sc2c(c1-c1nc3cnccc3s1)CCNC2,500.0
CHEMBL4515250,O=C(CCNC1CNCC1O)Nc1sc2c(c1-c1nc3cnccc3s1)CCNC2,500.0
CHEMBL4514401,CC1CC1NCCC(=O)Nc1sc2c(c1-c1nc3cnccc3s1)CCNC2,500.0
CHEMBL4588391,CC1CN(CCC(=O)Nc2sc3c(c2-c2nc4cnccc4s2)CCNC3)CC(=O)N1,500.0
CHEMBL4519476,O=C(CCN1CCC(c2ccc(Cl)cc2)CC1)Nc1sc2c(c1-c1nc3cnccc3s1)CCNC2,500.0
CHEMBL4576020,Cc1nocc1CNCCC(=O)Nc1sc2c(c1-c1nc3cnccc3s1)CCNC2,500.0
CHEMBL4589735,O=C(CCNCc1ccno1)Nc1sc2c(c1-c1nc3cnccc3s1)CCNC2,500.0
CHEMBL4571867,Cc1coc(CNCCC(=O)Nc2sc3c(c2-c2nc4cnccc4s2)CCNC3)n1,500.0
CHEMBL4555935,O=C(CCNC(CO)c1ccc(F)cc1)Nc1sc2c(c1-c1nc3cnccc3s1)CCNC2,500.0
CHEMBL4553311,CC(C)C[C@H](CO)NCCC(=O)Nc1sc2c(c1-c1nc3cnccc3s1)CCNC2,500.0
CHEMBL4542357,C[C@H](NCCC(=O)Nc1sc2c(c1-c1nc3cnccc3s1)CCNC2)C1CC1,500.0
CHEMBL4574231,Cc1cc(C)n(CCNCCC(=O)Nc2sc3c(c2-c2nc4cnccc4s2)CCNC3)n1,500.0
CHEMBL4576466,O=C(CCNCC1CCC1)Nc1sc2c(c1-c1nc3cnccc3s1)CCNC2,500.0
CHEMBL4548053,COCC(NCCC(=O)Nc1sc2c(c1-c1nc3cnccc3s1)CCNC2)C(C)C,500.0
CHEMBL4546820,CC1CC(NCCC(=O)Nc2sc3c(c2-c2nc4cnccc4s2)CCNC3)C1,500.0
CHEMBL4566184,O=C(CC[N+]12C[C@H]3CC[C@@H](C1)N32)Nc1sc2c(c1-c1nc3cnccc3s1)CCNC2,500.0
CHEMBL4527254,O=C(CCN1CC2COCC2C1)Nc1sc2c(c1-c1nc3cnccc3s1)CCNC2,500.0
CHEMBL4556884,O=C(CCN1CC2CCC2C1)Nc1sc2c(c1-c1nc3cnccc3s1)CCNC2,500.0
CHEMBL4527115,O=C(CCN1C[C@@H]2CC(F)(F)C[C@@H]2C1)Nc1sc2c(c1-c1nc3cnccc3s1)CCNC2,500.0
CHEMBL4573200,O=C(CCN1CC2(C1)CS(=O)(=O)C2)Nc1sc2c(c1-c1nc3cnccc3s1)CCNC2,500.0
CHEMBL4526696,O=C(CCN1CCC2(CC2)C1)Nc1sc2c(c1-c1nc3cnccc3s1)CCNC2,500.0
CHEMBL4589964,O=C(CCN1CCC2(CCOC2)C1)Nc1sc2c(c1-c1nc3cnccc3s1)CCNC2,500.0
CHEMBL4538781,O=C(CCN1CC2(CCOC2)C1)Nc1sc2c(c1-c1nc3cnccc3s1)CCNC2,500.0
CHEMBL4540938,O=C(CCN1CCC[C@@]2(CCCN2)C1)Nc1sc2c(c1-c1nc3cnccc3s1)CCNC2,500.0
CHEMBL4529714,O=C(CCN1CC2(CNC2)C1)Nc1sc2c(c1-c1nc3cnccc3s1)CCNC2,500.0
CHEMBL4580871,CC[C@H](C)NCCC(=O)Nc1sc2c(c1-c1nc3cnccc3s1)CCNC2,500.0
CHEMBL4483561,CC(=O)Nc1sc2c(c1-c1nc3cnccc3s1)CCN(CCN)C2.Cl,500.0
CHEMBL4588045,CCN1[C@@H](C)Cc2c(sc(NC(C)=O)c2-c2nc3cnccc3s2)[C@@H]1C,500.0
CHEMBL4591927,CCN1[C@H](C)Cc2c(sc(NC(C)=O)c2-c2nc3cnccc3s2)[C@H]1C,500.0
CHEMBL4539296,CC(=O)Nc1sc2c(c1-c1nc3c(C)nccc3s1)CCNC2,500.0
CHEMBL4579624,CCN1C(C)Cc2c(sc(NC(C)=O)c2-c2nc3cnccc3s2)C1C,500.0
CHEMBL4556151,CCC(C)NCCC(=O)Nc1sc2c(c1-c1nc3cnccc3s1)CCN(C(C)C)C2.Cl.Cl,500.0
CHEMBL4542519,CC(=O)Nc1sc2c(c1-c1nc3cnccc3s1)CCN(C(C)C)C2,500.0
CHEMBL4549884,CC(=O)Nc1sc2c(c1-c1nc3cnccc3s1)CCN(C)C2,500.0
CHEMBL4541892,CC(=O)Nc1sc2c(c1-c1nc3cnccc3s1)CCC(N)C2,500.0
CHEMBL4578047,CC(=O)Nc1sc2c(c1-c1nc3cnccc3s1)CCN(CCN1CCOCC1)C2,5000.0
CHEMBL4527027,CC(=O)Nc1sc2c(c1-c1nc3cnccc3s1)C[C@H](C)N[C@H]2C,500.0
CHEMBL4579103,CC(=O)Nc1sc2c(c1-c1nc3cnccc3s1)C[C@@H](C)N[C@@H]2C,500.0
CHEMBL4590352,CC(=O)Nc1sc2c(c1-c1nc3cnccc3s1)CC(C)NC2C,500.0
CHEMBL4531883,CC(=O)Nc1sc2c(c1-c1nc3c[n+]([O-])ccc3s1)CCNC2,500.0
CHEMBL4543899,CC(=O)Nc1sc2c(c1-c1nc3cnccc3s1)C(C)CN(C(C)C)C2,500.0
CHEMBL4591475,CC(=O)Nc1sc2c(c1-c1nc3c(C(F)F)nccc3s1)CCNC2,500.0
CHEMBL4532423,CC(=O)Nc1sc2c(c1-c1nc3cnccc3s1)CCN(C(C)CN1CCOCC1)C2,500.0
CHEMBL4540079,CC(=O)Nc1sc2c(c1-c1nc3cnccc3s1)C(C)CNC2,500.0
CHEMBL4565551,CCC(C)NCCC(=O)Nc1sc2c(c1-c1nc3cnccc3s1)CCNC2,500.0
CHEMBL4515374,CC(=O)Nc1sc2c(c1-c1nc3cnccc3s1)CNC2,500.0
CHEMBL4586689,CC(=O)Nc1sc2c(c1-c1nc3cccnc3s1)CCNC2,500.0
CHEMBL4545307,CC(=O)Nc1sc2c(c1-c1nc3cnccc3s1)CCNC2,500.0
CHEMBL4297458,Cc1nnn(C)c1-c1cnc2c3ccc(C(C)(C)O)cc3n([C@H](c3ccccc3)C3CCOCC3)c2c1,0.7
CHEMBL5089688,Cc1nnn(C)c1-c1ccc2c3ncc(C(C)(C)O)cc3n([C@H](c3ccccc3)C3CCOCC3)c2c1,0.2
CHEMBL5090808,Cc1nnn(C)c1-c1cc(F)c2c3ncc(C(C)(C)O)cc3n([C@H](c3ccccc3)C3CCOCC3)c2c1,3.4
CHEMBL5086429,Cc1nnn(C)c1-c1cc2c(cc1F)c1ncc(C(C)(C)O)cc1n2[C@H](c1ccccc1)C1CCOCC1,0.8
CHEMBL5084636,Cc1nnn(C)c1-c1ccc2c3ncc(C(C)(C)O)cc3n([C@H](c3ccccc3)C3CCOCC3)c2c1F,0.6
CHEMBL5091333,[2H]C([2H])([2H])c1nnn(C)c1-c1cc2c(cc1F)c1ncc(C(C)(C)O)cc1n2[C@H](c1ccccc1)C1CCOCC1,1.0
CHEMBL5069754,[2H]C([2H])([2H])c1nnn(C)c1-c1cc2c(cc1Cl)c1ncc(C(C)(C)O)cc1n2[C@H](c1ccccc1)C1CCOCC1,42.0
CHEMBL5080039,[2H]C([2H])([2H])c1nnn(C)c1-c1cc2c(cn1)c1ncc(C(C)(C)O)cc1n2[C@H](c1ccccc1)C1CCOCC1,6.9
CHEMBL5084198,[2H]C([2H])([2H])c1nnn(C)c1-c1cc2c(cc1F)c1ncc(C(C)(C)O)cc1n2[C@H](c1ncccc1F)C1CCOCC1,1.3
CHEMBL5090513,[2H]C([2H])([2H])c1nnn(C)c1-c1cc2c(cc1F)c1ncc(C(C)(C)O)cc1n2[C@H](c1cc(C)on1)C1CCOCC1,2.4
CHEMBL5075294,[2H]C([2H])([2H])c1nnn(C)c1-c1cc2c(cc1F)c1ncc(C(C)(C)O)cc1n2[C@@H](CCC)c1ncccc1F,0.7
